iso_region,timestamp_utc,hour_of_day,day_of_week,is_weekend,day_of_year,temp_c,load_mw
ERCOT,2026-01-01T00:00:00Z,0,3,0,1,6.5,57778.5
ERCOT,2026-01-01T01:00:00Z,1,3,0,1,2.14,58123.7
ERCOT,2026-01-01T02:00:00Z,2,3,0,1,3.36,57495.7
ERCOT,2026-01-01T03:00:00Z,3,3,0,1,-0.25,58741.7
ERCOT,2026-01-01T04:00:00Z,4,3,0,1,2.37,57506.0
ERCOT,2026-01-01T05:00:00Z,5,3,0,1,1.19,57603.8
ERCOT,2026-01-01T06:00:00Z,6,3,0,1,-1.47,58648.4
ERCOT,2026-01-01T07:00:00Z,7,3,0,1,-4.02,60263.2
ERCOT,2026-01-01T08:00:00Z,8,3,0,1,0.15,58824.1
ERCOT,2026-01-01T09:00:00Z,9,3,0,1,-1.25,59697.9
ERCOT,2026-01-01T10:00:00Z,10,3,0,1,-1.15,59767.5
ERCOT,2026-01-01T11:00:00Z,11,3,0,1,-2.57,61241.8
ERCOT,2026-01-01T12:00:00Z,12,3,0,1,-0.7,61533.7
ERCOT,2026-01-01T13:00:00Z,13,3,0,1,0.29,59780.9
ERCOT,2026-01-01T14:00:00Z,14,3,0,1,3.03,60035.3
ERCOT,2026-01-01T15:00:00Z,15,3,0,1,3.31,60193.2
ERCOT,2026-01-01T16:00:00Z,16,3,0,1,2.28,59527.2
ERCOT,2026-01-01T17:00:00Z,17,3,0,1,3.97,58277.7
ERCOT,2026-01-01T18:00:00Z,18,3,0,1,4.66,59278.6
ERCOT,2026-01-01T19:00:00Z,19,3,0,1,6.04,57172.3
ERCOT,2026-01-01T20:00:00Z,20,3,0,1,3.75,58994.7
ERCOT,2026-01-01T21:00:00Z,21,3,0,1,6.09,56883.6
ERCOT,2026-01-01T22:00:00Z,22,3,0,1,5.68,56225.6
ERCOT,2026-01-01T23:00:00Z,23,3,0,1,7.82,56111.3
ERCOT,2026-01-02T00:00:00Z,0,4,0,2,7.14,56450.7
ERCOT,2026-01-02T01:00:00Z,1,4,0,2,6.41,56637.9
ERCOT,2026-01-02T02:00:00Z,2,4,0,2,4.58,57294.6
ERCOT,2026-01-02T03:00:00Z,3,4,0,2,3.2,57481.4
ERCOT,2026-01-02T04:00:00Z,4,4,0,2,0.88,59022.5
ERCOT,2026-01-02T05:00:00Z,5,4,0,2,-1.1,58644.6
ERCOT,2026-01-02T06:00:00Z,6,4,0,2,-0.55,59033.8
ERCOT,2026-01-02T07:00:00Z,7,4,0,2,-1.85,59597.9
ERCOT,2026-01-02T08:00:00Z,8,4,0,2,-1.86,58893.9
ERCOT,2026-01-02T09:00:00Z,9,4,0,2,-1.72,59455.6
ERCOT,2026-01-02T10:00:00Z,10,4,0,2,-4.2,60973.9
ERCOT,2026-01-02T11:00:00Z,11,4,0,2,-0.47,60605.6
ERCOT,2026-01-02T12:00:00Z,12,4,0,2,0.28,59255.6
ERCOT,2026-01-02T13:00:00Z,13,4,0,2,-1.78,61945.3
ERCOT,2026-01-02T14:00:00Z,14,4,0,2,-0.35,60880.0
ERCOT,2026-01-02T15:00:00Z,15,4,0,2,1.23,60153.9
ERCOT,2026-01-02T16:00:00Z,16,4,0,2,2.35,60004.8
ERCOT,2026-01-02T17:00:00Z,17,4,0,2,4.47,58744.5
ERCOT,2026-01-02T18:00:00Z,18,4,0,2,3.51,59055.7
ERCOT,2026-01-02T19:00:00Z,19,4,0,2,3.91,58731.5
ERCOT,2026-01-02T20:00:00Z,20,4,0,2,10.06,57546.8
ERCOT,2026-01-02T21:00:00Z,21,4,0,2,7.34,57030.9
ERCOT,2026-01-02T22:00:00Z,22,4,0,2,3.22,56965.5
ERCOT,2026-01-02T23:00:00Z,23,4,0,2,7.65,56044.6
ERCOT,2026-01-03T00:00:00Z,0,5,1,3,4.08,53817.7
ERCOT,2026-01-03T01:00:00Z,1,5,1,3,2.71,53448.7
ERCOT,2026-01-03T02:00:00Z,2,5,1,3,3.26,53511.5
ERCOT,2026-01-03T03:00:00Z,3,5,1,3,1.19,54115.1
ERCOT,2026-01-03T04:00:00Z,4,5,1,3,2.05,54396.6
ERCOT,2026-01-03T05:00:00Z,5,5,1,3,0.03,55534.7
ERCOT,2026-01-03T06:00:00Z,6,5,1,3,-0.74,55515.7
ERCOT,2026-01-03T07:00:00Z,7,5,1,3,-0.46,56299.8
ERCOT,2026-01-03T08:00:00Z,8,5,1,3,-1.78,56605.7
ERCOT,2026-01-03T09:00:00Z,9,5,1,3,-2.87,56653.2
ERCOT,2026-01-03T10:00:00Z,10,5,1,3,-0.41,57121.7
ERCOT,2026-01-03T11:00:00Z,11,5,1,3,-0.48,57285.6
ERCOT,2026-01-03T12:00:00Z,12,5,1,3,-0.46,57678.0
ERCOT,2026-01-03T13:00:00Z,13,5,1,3,1.7,57407.9
ERCOT,2026-01-03T14:00:00Z,14,5,1,3,1.12,57799.1
ERCOT,2026-01-03T15:00:00Z,15,5,1,3,2.64,56960.4
ERCOT,2026-01-03T16:00:00Z,16,5,1,3,3.76,56334.3
ERCOT,2026-01-03T17:00:00Z,17,5,1,3,3.2,56469.3
ERCOT,2026-01-03T18:00:00Z,18,5,1,3,9.4,54221.3
ERCOT,2026-01-03T19:00:00Z,19,5,1,3,5.87,54631.8
ERCOT,2026-01-03T20:00:00Z,20,5,1,3,5.43,55485.9
ERCOT,2026-01-03T21:00:00Z,21,5,1,3,5.29,54080.9
ERCOT,2026-01-03T22:00:00Z,22,5,1,3,3.78,53964.6
ERCOT,2026-01-03T23:00:00Z,23,5,1,3,3.2,54618.1
ERCOT,2026-01-04T00:00:00Z,0,6,1,4,9.37,52656.2
ERCOT,2026-01-04T01:00:00Z,1,6,1,4,1.84,54921.8
ERCOT,2026-01-04T02:00:00Z,2,6,1,4,2.29,55043.5
ERCOT,2026-01-04T03:00:00Z,3,6,1,4,1.92,54149.6
ERCOT,2026-01-04T04:00:00Z,4,6,1,4,1.04,55276.0
ERCOT,2026-01-04T05:00:00Z,5,6,1,4,0.0,55053.1
ERCOT,2026-01-04T06:00:00Z,6,6,1,4,-0.78,55091.7
ERCOT,2026-01-04T07:00:00Z,7,6,1,4,-0.52,55077.6
ERCOT,2026-01-04T08:00:00Z,8,6,1,4,-2.18,57180.8
ERCOT,2026-01-04T09:00:00Z,9,6,1,4,-1.2,57197.1
ERCOT,2026-01-04T10:00:00Z,10,6,1,4,-1.62,57899.4
ERCOT,2026-01-04T11:00:00Z,11,6,1,4,0.27,57325.4
ERCOT,2026-01-04T12:00:00Z,12,6,1,4,0.91,57520.6
ERCOT,2026-01-04T13:00:00Z,13,6,1,4,-0.31,56724.9
ERCOT,2026-01-04T14:00:00Z,14,6,1,4,1.94,57268.4
ERCOT,2026-01-04T15:00:00Z,15,6,1,4,3.98,55916.9
ERCOT,2026-01-04T16:00:00Z,16,6,1,4,2.02,56947.4
ERCOT,2026-01-04T17:00:00Z,17,6,1,4,4.24,54930.9
ERCOT,2026-01-04T18:00:00Z,18,6,1,4,5.74,54327.5
ERCOT,2026-01-04T19:00:00Z,19,6,1,4,4.39,56059.8
ERCOT,2026-01-04T20:00:00Z,20,6,1,4,8.95,53308.4
ERCOT,2026-01-04T21:00:00Z,21,6,1,4,5.85,54355.5
ERCOT,2026-01-04T22:00:00Z,22,6,1,4,8.88,53102.4
ERCOT,2026-01-04T23:00:00Z,23,6,1,4,5.09,54819.8
ERCOT,2026-01-05T00:00:00Z,0,0,0,5,4.66,57705.7
ERCOT,2026-01-05T01:00:00Z,1,0,0,5,2.18,57673.1
ERCOT,2026-01-05T02:00:00Z,2,0,0,5,0.94,57459.2
ERCOT,2026-01-05T03:00:00Z,3,0,0,5,3.65,57502.7
ERCOT,2026-01-05T04:00:00Z,4,0,0,5,0.88,57897.0
ERCOT,2026-01-05T05:00:00Z,5,0,0,5,0.06,58892.7
ERCOT,2026-01-05T06:00:00Z,6,0,0,5,1.04,57360.5
ERCOT,2026-01-05T07:00:00Z,7,0,0,5,-2.32,59956.3
ERCOT,2026-01-05T08:00:00Z,8,0,0,5,-1.62,60274.1
ERCOT,2026-01-05T09:00:00Z,9,0,0,5,-1.21,60119.5
ERCOT,2026-01-05T10:00:00Z,10,0,0,5,-2.26,60676.4
ERCOT,2026-01-05T11:00:00Z,11,0,0,5,0.65,60006.5
ERCOT,2026-01-05T12:00:00Z,12,0,0,5,-0.53,60938.6
ERCOT,2026-01-05T13:00:00Z,13,0,0,5,2.73,60042.0
ERCOT,2026-01-05T14:00:00Z,14,0,0,5,2.79,60871.0
ERCOT,2026-01-05T15:00:00Z,15,0,0,5,2.3,60099.9
ERCOT,2026-01-05T16:00:00Z,16,0,0,5,2.93,59766.2
ERCOT,2026-01-05T17:00:00Z,17,0,0,5,5.67,59192.7
ERCOT,2026-01-05T18:00:00Z,18,0,0,5,5.57,58176.7
ERCOT,2026-01-05T19:00:00Z,19,0,0,5,4.4,59905.7
ERCOT,2026-01-05T20:00:00Z,20,0,0,5,5.99,57614.8
ERCOT,2026-01-05T21:00:00Z,21,0,0,5,8.54,57309.2
ERCOT,2026-01-05T22:00:00Z,22,0,0,5,7.12,57097.5
ERCOT,2026-01-05T23:00:00Z,23,0,0,5,5.38,57225.5
ERCOT,2026-01-06T00:00:00Z,0,1,0,6,3.19,57695.0
ERCOT,2026-01-06T01:00:00Z,1,1,0,6,4.88,58302.1
ERCOT,2026-01-06T02:00:00Z,2,1,0,6,3.6,56282.1
ERCOT,2026-01-06T03:00:00Z,3,1,0,6,2.3,59447.1
ERCOT,2026-01-06T04:00:00Z,4,1,0,6,2.7,57573.9
ERCOT,2026-01-06T05:00:00Z,5,1,0,6,1.33,58153.3
ERCOT,2026-01-06T06:00:00Z,6,1,0,6,-2.42,59486.1
ERCOT,2026-01-06T07:00:00Z,7,1,0,6,-0.89,58636.7
ERCOT,2026-01-06T08:00:00Z,8,1,0,6,-3.15,60506.8
ERCOT,2026-01-06T09:00:00Z,9,1,0,6,-2.17,60829.5
ERCOT,2026-01-06T10:00:00Z,10,1,0,6,-3.25,61533.4
ERCOT,2026-01-06T11:00:00Z,11,1,0,6,-2.8,62184.6
ERCOT,2026-01-06T12:00:00Z,12,1,0,6,-2.96,60884.6
ERCOT,2026-01-06T13:00:00Z,13,1,0,6,1.07,61601.9
ERCOT,2026-01-06T14:00:00Z,14,1,0,6,1.88,60817.7
ERCOT,2026-01-06T15:00:00Z,15,1,0,6,2.47,59726.7
ERCOT,2026-01-06T16:00:00Z,16,1,0,6,2.74,59395.8
ERCOT,2026-01-06T17:00:00Z,17,1,0,6,2.52,60092.7
ERCOT,2026-01-06T18:00:00Z,18,1,0,6,3.58,59521.8
ERCOT,2026-01-06T19:00:00Z,19,1,0,6,3.95,59102.3
ERCOT,2026-01-06T20:00:00Z,20,1,0,6,5.57,59019.4
ERCOT,2026-01-06T21:00:00Z,21,1,0,6,6.93,58301.5
ERCOT,2026-01-06T22:00:00Z,22,1,0,6,5.17,57746.7
ERCOT,2026-01-06T23:00:00Z,23,1,0,6,4.43,57412.2
ERCOT,2026-01-07T00:00:00Z,0,2,0,7,4.93,57075.7
ERCOT,2026-01-07T01:00:00Z,1,2,0,7,2.67,57107.1
ERCOT,2026-01-07T02:00:00Z,2,2,0,7,0.02,57886.8
ERCOT,2026-01-07T03:00:00Z,3,2,0,7,3.43,56924.5
ERCOT,2026-01-07T04:00:00Z,4,2,0,7,-0.6,59843.6
ERCOT,2026-01-07T05:00:00Z,5,2,0,7,-0.46,59244.5
ERCOT,2026-01-07T06:00:00Z,6,2,0,7,0.63,59484.7
ERCOT,2026-01-07T07:00:00Z,7,2,0,7,-3.26,60173.3
ERCOT,2026-01-07T08:00:00Z,8,2,0,7,-3.8,62102.7
ERCOT,2026-01-07T09:00:00Z,9,2,0,7,-3.9,60529.1
ERCOT,2026-01-07T10:00:00Z,10,2,0,7,-2.93,60361.5
ERCOT,2026-01-07T11:00:00Z,11,2,0,7,1.06,61877.8
ERCOT,2026-01-07T12:00:00Z,12,2,0,7,-1.05,60451.4
ERCOT,2026-01-07T13:00:00Z,13,2,0,7,-2.86,61529.7
ERCOT,2026-01-07T14:00:00Z,14,2,0,7,0.98,60459.7
ERCOT,2026-01-07T15:00:00Z,15,2,0,7,2.82,60542.7
ERCOT,2026-01-07T16:00:00Z,16,2,0,7,4.01,59721.5
ERCOT,2026-01-07T17:00:00Z,17,2,0,7,2.84,60281.0
ERCOT,2026-01-07T18:00:00Z,18,2,0,7,5.34,59561.3
ERCOT,2026-01-07T19:00:00Z,19,2,0,7,7.14,57568.4
ERCOT,2026-01-07T20:00:00Z,20,2,0,7,4.2,58243.6
ERCOT,2026-01-07T21:00:00Z,21,2,0,7,4.91,58594.0
ERCOT,2026-01-07T22:00:00Z,22,2,0,7,6.88,58056.5
ERCOT,2026-01-07T23:00:00Z,23,2,0,7,6.55,57401.2
ERCOT,2026-01-08T00:00:00Z,0,3,0,8,7.17,57351.5
ERCOT,2026-01-08T01:00:00Z,1,3,0,8,4.65,58375.7
ERCOT,2026-01-08T02:00:00Z,2,3,0,8,3.75,57590.8
ERCOT,2026-01-08T03:00:00Z,3,3,0,8,1.29,58774.4
ERCOT,2026-01-08T04:00:00Z,4,3,0,8,3.37,58071.7
ERCOT,2026-01-08T05:00:00Z,5,3,0,8,2.51,57443.4
ERCOT,2026-01-08T06:00:00Z,6,3,0,8,-0.36,59429.1
ERCOT,2026-01-08T07:00:00Z,7,3,0,8,-2.01,61449.6
ERCOT,2026-01-08T08:00:00Z,8,3,0,8,-1.42,60121.4
ERCOT,2026-01-08T09:00:00Z,9,3,0,8,-1.41,59569.5
ERCOT,2026-01-08T10:00:00Z,10,3,0,8,-2.46,61733.3
ERCOT,2026-01-08T11:00:00Z,11,3,0,8,-1.86,60844.1
ERCOT,2026-01-08T12:00:00Z,12,3,0,8,1.68,61426.2
ERCOT,2026-01-08T13:00:00Z,13,3,0,8,1.32,60605.4
ERCOT,2026-01-08T14:00:00Z,14,3,0,8,1.15,60450.8
ERCOT,2026-01-08T15:00:00Z,15,3,0,8,1.05,60252.8
ERCOT,2026-01-08T16:00:00Z,16,3,0,8,2.65,59737.4
ERCOT,2026-01-08T17:00:00Z,17,3,0,8,2.2,60288.5
ERCOT,2026-01-08T18:00:00Z,18,3,0,8,5.73,60035.4
ERCOT,2026-01-08T19:00:00Z,19,3,0,8,5.01,59095.1
ERCOT,2026-01-08T20:00:00Z,20,3,0,8,6.88,58043.6
ERCOT,2026-01-08T21:00:00Z,21,3,0,8,7.66,58111.4
ERCOT,2026-01-08T22:00:00Z,22,3,0,8,6.9,57419.8
ERCOT,2026-01-08T23:00:00Z,23,3,0,8,5.47,56883.6
ERCOT,2026-01-09T00:00:00Z,0,4,0,9,4.22,57512.5
ERCOT,2026-01-09T01:00:00Z,1,4,0,9,2.92,58296.5
ERCOT,2026-01-09T02:00:00Z,2,4,0,9,5.43,57001.6
ERCOT,2026-01-09T03:00:00Z,3,4,0,9,3.03,57548.7
ERCOT,2026-01-09T04:00:00Z,4,4,0,9,1.11,58328.3
ERCOT,2026-01-09T05:00:00Z,5,4,0,9,1.51,58486.2
ERCOT,2026-01-09T06:00:00Z,6,4,0,9,1.29,59063.6
ERCOT,2026-01-09T07:00:00Z,7,4,0,9,-1.83,59523.3
ERCOT,2026-01-09T08:00:00Z,8,4,0,9,-0.88,60832.3
ERCOT,2026-01-09T09:00:00Z,9,4,0,9,-0.99,61920.5
ERCOT,2026-01-09T10:00:00Z,10,4,0,9,0.89,60400.5
ERCOT,2026-01-09T11:00:00Z,11,4,0,9,-1.34,61555.4
ERCOT,2026-01-09T12:00:00Z,12,4,0,9,-1.48,62138.9
ERCOT,2026-01-09T13:00:00Z,13,4,0,9,1.15,61147.7
ERCOT,2026-01-09T14:00:00Z,14,4,0,9,2.6,61634.6
ERCOT,2026-01-09T15:00:00Z,15,4,0,9,2.86,60480.1
ERCOT,2026-01-09T16:00:00Z,16,4,0,9,5.9,60236.5
ERCOT,2026-01-09T17:00:00Z,17,4,0,9,4.12,59860.2
ERCOT,2026-01-09T18:00:00Z,18,4,0,9,5.73,59411.6
ERCOT,2026-01-09T19:00:00Z,19,4,0,9,4.03,58410.7
ERCOT,2026-01-09T20:00:00Z,20,4,0,9,5.14,58148.4
ERCOT,2026-01-09T21:00:00Z,21,4,0,9,5.64,58591.8
ERCOT,2026-01-09T22:00:00Z,22,4,0,9,6.21,57931.9
ERCOT,2026-01-09T23:00:00Z,23,4,0,9,4.23,57767.6
ERCOT,2026-01-10T00:00:00Z,0,5,1,10,6.37,54520.9
ERCOT,2026-01-10T01:00:00Z,1,5,1,10,3.58,54810.4
ERCOT,2026-01-10T02:00:00Z,2,5,1,10,7.0,53959.3
ERCOT,2026-01-10T03:00:00Z,3,5,1,10,1.62,55142.9
ERCOT,2026-01-10T04:00:00Z,4,5,1,10,1.77,55292.6
ERCOT,2026-01-10T05:00:00Z,5,5,1,10,0.62,55073.4
ERCOT,2026-01-10T06:00:00Z,6,5,1,10,-1.61,56566.8
ERCOT,2026-01-10T07:00:00Z,7,5,1,10,-1.05,56540.1
ERCOT,2026-01-10T08:00:00Z,8,5,1,10,-1.46,57314.2
ERCOT,2026-01-10T09:00:00Z,9,5,1,10,-0.0,57230.0
ERCOT,2026-01-10T10:00:00Z,10,5,1,10,-0.6,57410.6
ERCOT,2026-01-10T11:00:00Z,11,5,1,10,0.06,58008.7
ERCOT,2026-01-10T12:00:00Z,12,5,1,10,1.13,58126.3
ERCOT,2026-01-10T13:00:00Z,13,5,1,10,1.55,57676.3
ERCOT,2026-01-10T14:00:00Z,14,5,1,10,2.0,58216.6
ERCOT,2026-01-10T15:00:00Z,15,5,1,10,1.69,57267.0
ERCOT,2026-01-10T16:00:00Z,16,5,1,10,3.97,57169.5
ERCOT,2026-01-10T17:00:00Z,17,5,1,10,3.43,56781.0
ERCOT,2026-01-10T18:00:00Z,18,5,1,10,5.35,54888.4
ERCOT,2026-01-10T19:00:00Z,19,5,1,10,5.8,55596.1
ERCOT,2026-01-10T20:00:00Z,20,5,1,10,6.29,56016.5
ERCOT,2026-01-10T21:00:00Z,21,5,1,10,4.84,54776.7
ERCOT,2026-01-10T22:00:00Z,22,5,1,10,2.61,55164.4
ERCOT,2026-01-10T23:00:00Z,23,5,1,10,5.54,54266.4
ERCOT,2026-01-11T00:00:00Z,0,6,1,11,7.22,54593.1
ERCOT,2026-01-11T01:00:00Z,1,6,1,11,4.84,54350.7
ERCOT,2026-01-11T02:00:00Z,2,6,1,11,5.3,54443.0
ERCOT,2026-01-11T03:00:00Z,3,6,1,11,1.5,54433.6
ERCOT,2026-01-11T04:00:00Z,4,6,1,11,1.03,56064.6
ERCOT,2026-01-11T05:00:00Z,5,6,1,11,4.14,55237.4
ERCOT,2026-01-11T06:00:00Z,6,6,1,11,-1.25,56030.0
ERCOT,2026-01-11T07:00:00Z,7,6,1,11,0.09,55742.1
ERCOT,2026-01-11T08:00:00Z,8,6,1,11,-0.31,57588.2
ERCOT,2026-01-11T09:00:00Z,9,6,1,11,-0.62,57411.1
ERCOT,2026-01-11T10:00:00Z,10,6,1,11,-0.29,57845.6
ERCOT,2026-01-11T11:00:00Z,11,6,1,11,-1.9,59363.2
ERCOT,2026-01-11T12:00:00Z,12,6,1,11,-0.63,58660.2
ERCOT,2026-01-11T13:00:00Z,13,6,1,11,-2.9,59522.7
ERCOT,2026-01-11T14:00:00Z,14,6,1,11,3.9,57342.0
ERCOT,2026-01-11T15:00:00Z,15,6,1,11,3.57,57618.0
ERCOT,2026-01-11T16:00:00Z,16,6,1,11,2.8,57611.8
ERCOT,2026-01-11T17:00:00Z,17,6,1,11,3.51,56580.1
ERCOT,2026-01-11T18:00:00Z,18,6,1,11,7.25,56337.8
ERCOT,2026-01-11T19:00:00Z,19,6,1,11,5.13,55537.6
ERCOT,2026-01-11T20:00:00Z,20,6,1,11,5.62,55898.7
ERCOT,2026-01-11T21:00:00Z,21,6,1,11,5.23,55453.1
ERCOT,2026-01-11T22:00:00Z,22,6,1,11,7.71,54369.7
ERCOT,2026-01-11T23:00:00Z,23,6,1,11,7.71,54013.4
ERCOT,2026-01-12T00:00:00Z,0,0,0,12,5.3,57415.2
ERCOT,2026-01-12T01:00:00Z,1,0,0,12,6.32,57219.8
ERCOT,2026-01-12T02:00:00Z,2,0,0,12,4.35,58034.7
ERCOT,2026-01-12T03:00:00Z,3,0,0,12,1.21,58516.8
ERCOT,2026-01-12T04:00:00Z,4,0,0,12,3.83,58555.4
ERCOT,2026-01-12T05:00:00Z,5,0,0,12,-0.72,59852.5
ERCOT,2026-01-12T06:00:00Z,6,0,0,12,-0.25,61773.9
ERCOT,2026-01-12T07:00:00Z,7,0,0,12,-0.24,59988.2
ERCOT,2026-01-12T08:00:00Z,8,0,0,12,1.06,59235.7
ERCOT,2026-01-12T09:00:00Z,9,0,0,12,-1.07,62138.5
ERCOT,2026-01-12T10:00:00Z,10,0,0,12,-1.24,60419.9
ERCOT,2026-01-12T11:00:00Z,11,0,0,12,-1.26,62416.1
ERCOT,2026-01-12T12:00:00Z,12,0,0,12,0.53,60928.9
ERCOT,2026-01-12T13:00:00Z,13,0,0,12,-0.23,61337.7
ERCOT,2026-01-12T14:00:00Z,14,0,0,12,2.3,61824.0
ERCOT,2026-01-12T15:00:00Z,15,0,0,12,4.37,60795.6
ERCOT,2026-01-12T16:00:00Z,16,0,0,12,1.83,60204.7
ERCOT,2026-01-12T17:00:00Z,17,0,0,12,5.59,59128.9
ERCOT,2026-01-12T18:00:00Z,18,0,0,12,5.28,59812.2
ERCOT,2026-01-12T19:00:00Z,19,0,0,12,4.55,58916.9
ERCOT,2026-01-12T20:00:00Z,20,0,0,12,6.52,58987.6
ERCOT,2026-01-12T21:00:00Z,21,0,0,12,8.39,58307.3
ERCOT,2026-01-12T22:00:00Z,22,0,0,12,6.77,57626.9
ERCOT,2026-01-12T23:00:00Z,23,0,0,12,4.65,57983.4
ERCOT,2026-01-13T00:00:00Z,0,1,0,13,6.31,58027.8
ERCOT,2026-01-13T01:00:00Z,1,1,0,13,1.71,58333.8
ERCOT,2026-01-13T02:00:00Z,2,1,0,13,5.7,57931.2
ERCOT,2026-01-13T03:00:00Z,3,1,0,13,0.74,60363.5
ERCOT,2026-01-13T04:00:00Z,4,1,0,13,1.78,59217.6
ERCOT,2026-01-13T05:00:00Z,5,1,0,13,1.46,59113.4
ERCOT,2026-01-13T06:00:00Z,6,1,0,13,-1.06,61328.8
ERCOT,2026-01-13T07:00:00Z,7,1,0,13,0.9,60508.5
ERCOT,2026-01-13T08:00:00Z,8,1,0,13,-0.14,60070.8
ERCOT,2026-01-13T09:00:00Z,9,1,0,13,0.78,60283.3
ERCOT,2026-01-13T10:00:00Z,10,1,0,13,-0.58,60435.6
ERCOT,2026-01-13T11:00:00Z,11,1,0,13,-3.66,62429.9
ERCOT,2026-01-13T12:00:00Z,12,1,0,13,-1.18,60783.1
ERCOT,2026-01-13T13:00:00Z,13,1,0,13,1.67,62502.9
ERCOT,2026-01-13T14:00:00Z,14,1,0,13,3.91,60702.9
ERCOT,2026-01-13T15:00:00Z,15,1,0,13,2.88,61473.2
ERCOT,2026-01-13T16:00:00Z,16,1,0,13,5.58,60032.2
ERCOT,2026-01-13T17:00:00Z,17,1,0,13,4.91,60294.8
ERCOT,2026-01-13T18:00:00Z,18,1,0,13,6.52,59410.4
ERCOT,2026-01-13T19:00:00Z,19,1,0,13,6.15,59999.2
ERCOT,2026-01-13T20:00:00Z,20,1,0,13,8.54,58638.8
ERCOT,2026-01-13T21:00:00Z,21,1,0,13,9.44,57639.7
ERCOT,2026-01-13T22:00:00Z,22,1,0,13,9.16,57920.2
ERCOT,2026-01-13T23:00:00Z,23,1,0,13,11.23,56271.5
ERCOT,2026-01-14T00:00:00Z,0,2,0,14,4.73,58530.6
ERCOT,2026-01-14T01:00:00Z,1,2,0,14,5.53,59109.2
ERCOT,2026-01-14T02:00:00Z,2,2,0,14,2.97,59098.2
ERCOT,2026-01-14T03:00:00Z,3,2,0,14,4.68,58699.0
ERCOT,2026-01-14T04:00:00Z,4,2,0,14,0.46,60182.9
ERCOT,2026-01-14T05:00:00Z,5,2,0,14,2.78,59466.3
ERCOT,2026-01-14T06:00:00Z,6,2,0,14,0.41,60073.6
ERCOT,2026-01-14T07:00:00Z,7,2,0,14,-0.65,60860.7
ERCOT,2026-01-14T08:00:00Z,8,2,0,14,-0.88,60430.6
ERCOT,2026-01-14T09:00:00Z,9,2,0,14,-2.64,61195.8
ERCOT,2026-01-14T10:00:00Z,10,2,0,14,-0.6,61437.4
ERCOT,2026-01-14T11:00:00Z,11,2,0,14,-0.21,61880.6
ERCOT,2026-01-14T12:00:00Z,12,2,0,14,-0.84,62718.1
ERCOT,2026-01-14T13:00:00Z,13,2,0,14,0.53,61460.0
ERCOT,2026-01-14T14:00:00Z,14,2,0,14,2.62,60228.5
ERCOT,2026-01-14T15:00:00Z,15,2,0,14,1.75,61883.2
ERCOT,2026-01-14T16:00:00Z,16,2,0,14,1.36,61874.3
ERCOT,2026-01-14T17:00:00Z,17,2,0,14,7.2,59533.7
ERCOT,2026-01-14T18:00:00Z,18,2,0,14,6.2,60280.3
ERCOT,2026-01-14T19:00:00Z,19,2,0,14,5.7,59926.8
ERCOT,2026-01-14T20:00:00Z,20,2,0,14,5.79,58829.0
ERCOT,2026-01-14T21:00:00Z,21,2,0,14,5.73,58966.6
ERCOT,2026-01-14T22:00:00Z,22,2,0,14,8.53,57768.8
ERCOT,2026-01-14T23:00:00Z,23,2,0,14,4.49,57925.6
ERCOT,2026-01-15T00:00:00Z,0,3,0,15,6.43,59050.6
ERCOT,2026-01-15T01:00:00Z,1,3,0,15,5.6,57918.8
ERCOT,2026-01-15T02:00:00Z,2,3,0,15,5.19,58089.2
ERCOT,2026-01-15T03:00:00Z,3,3,0,15,2.44,58386.5
ERCOT,2026-01-15T04:00:00Z,4,3,0,15,4.08,57323.9
ERCOT,2026-01-15T05:00:00Z,5,3,0,15,2.2,59117.7
ERCOT,2026-01-15T06:00:00Z,6,3,0,15,-0.44,61176.6
ERCOT,2026-01-15T07:00:00Z,7,3,0,15,-1.53,60437.7
ERCOT,2026-01-15T08:00:00Z,8,3,0,15,-1.05,61272.0
ERCOT,2026-01-15T09:00:00Z,9,3,0,15,-1.66,60637.4
ERCOT,2026-01-15T10:00:00Z,10,3,0,15,-2.16,62609.7
ERCOT,2026-01-15T11:00:00Z,11,3,0,15,-0.34,61993.4
ERCOT,2026-01-15T12:00:00Z,12,3,0,15,-0.21,61522.3
ERCOT,2026-01-15T13:00:00Z,13,3,0,15,3.52,61046.7
ERCOT,2026-01-15T14:00:00Z,14,3,0,15,1.31,62240.8
ERCOT,2026-01-15T15:00:00Z,15,3,0,15,1.92,61087.8
ERCOT,2026-01-15T16:00:00Z,16,3,0,15,4.06,60776.8
ERCOT,2026-01-15T17:00:00Z,17,3,0,15,5.4,61394.0
ERCOT,2026-01-15T18:00:00Z,18,3,0,15,6.34,58436.0
ERCOT,2026-01-15T19:00:00Z,19,3,0,15,6.96,59302.4
ERCOT,2026-01-15T20:00:00Z,20,3,0,15,6.94,59084.9
ERCOT,2026-01-15T21:00:00Z,21,3,0,15,6.96,58588.7
ERCOT,2026-01-15T22:00:00Z,22,3,0,15,7.79,57845.5
ERCOT,2026-01-15T23:00:00Z,23,3,0,15,5.05,60171.2
ERCOT,2026-01-16T00:00:00Z,0,4,0,16,4.84,58550.5
ERCOT,2026-01-16T01:00:00Z,1,4,0,16,2.84,58911.8
ERCOT,2026-01-16T02:00:00Z,2,4,0,16,2.72,58631.0
ERCOT,2026-01-16T03:00:00Z,3,4,0,16,4.65,58796.2
ERCOT,2026-01-16T04:00:00Z,4,4,0,16,2.9,58116.2
ERCOT,2026-01-16T05:00:00Z,5,4,0,16,3.84,58467.0
ERCOT,2026-01-16T06:00:00Z,6,4,0,16,2.55,60260.5
ERCOT,2026-01-16T07:00:00Z,7,4,0,16,0.49,60008.0
ERCOT,2026-01-16T08:00:00Z,8,4,0,16,-0.55,60785.0
ERCOT,2026-01-16T09:00:00Z,9,4,0,16,-0.87,61302.8
ERCOT,2026-01-16T10:00:00Z,10,4,0,16,-3.84,63001.7
ERCOT,2026-01-16T11:00:00Z,11,4,0,16,-0.5,61622.7
ERCOT,2026-01-16T12:00:00Z,12,4,0,16,-0.59,62273.5
ERCOT,2026-01-16T13:00:00Z,13,4,0,16,-0.26,60851.1
ERCOT,2026-01-16T14:00:00Z,14,4,0,16,2.66,61735.4
ERCOT,2026-01-16T15:00:00Z,15,4,0,16,2.78,60703.7
ERCOT,2026-01-16T16:00:00Z,16,4,0,16,4.25,60037.9
ERCOT,2026-01-16T17:00:00Z,17,4,0,16,3.54,60348.1
ERCOT,2026-01-16T18:00:00Z,18,4,0,16,7.18,59469.7
ERCOT,2026-01-16T19:00:00Z,19,4,0,16,5.88,60704.8
ERCOT,2026-01-16T20:00:00Z,20,4,0,16,7.48,59126.8
ERCOT,2026-01-16T21:00:00Z,21,4,0,16,6.53,58494.8
ERCOT,2026-01-16T22:00:00Z,22,4,0,16,3.67,59693.0
ERCOT,2026-01-16T23:00:00Z,23,4,0,16,7.22,58041.6
ERCOT,2026-01-17T00:00:00Z,0,5,1,17,5.79,55501.0
ERCOT,2026-01-17T01:00:00Z,1,5,1,17,2.83,55334.4
ERCOT,2026-01-17T02:00:00Z,2,5,1,17,2.49,56707.3
ERCOT,2026-01-17T03:00:00Z,3,5,1,17,4.48,54172.6
ERCOT,2026-01-17T04:00:00Z,4,5,1,17,-0.14,56496.2
ERCOT,2026-01-17T05:00:00Z,5,5,1,17,0.45,55947.8
ERCOT,2026-01-17T06:00:00Z,6,5,1,17,3.25,56524.8
ERCOT,2026-01-17T07:00:00Z,7,5,1,17,0.41,56923.0
ERCOT,2026-01-17T08:00:00Z,8,5,1,17,0.38,57438.0
ERCOT,2026-01-17T09:00:00Z,9,5,1,17,-1.26,58671.0
ERCOT,2026-01-17T10:00:00Z,10,5,1,17,-3.14,59919.5
ERCOT,2026-01-17T11:00:00Z,11,5,1,17,-0.03,59298.5
ERCOT,2026-01-17T12:00:00Z,12,5,1,17,-1.28,58530.2
ERCOT,2026-01-17T13:00:00Z,13,5,1,17,-0.58,59109.1
ERCOT,2026-01-17T14:00:00Z,14,5,1,17,2.23,58098.6
ERCOT,2026-01-17T15:00:00Z,15,5,1,17,1.64,57698.8
ERCOT,2026-01-17T16:00:00Z,16,5,1,17,4.13,57424.2
ERCOT,2026-01-17T17:00:00Z,17,5,1,17,4.13,58290.7
ERCOT,2026-01-17T18:00:00Z,18,5,1,17,5.87,57464.8
ERCOT,2026-01-17T19:00:00Z,19,5,1,17,5.83,56584.1
ERCOT,2026-01-17T20:00:00Z,20,5,1,17,6.94,54932.8
ERCOT,2026-01-17T21:00:00Z,21,5,1,17,9.31,54946.7
ERCOT,2026-01-17T22:00:00Z,22,5,1,17,8.15,54570.3
ERCOT,2026-01-17T23:00:00Z,23,5,1,17,6.38,54657.3
ERCOT,2026-01-18T00:00:00Z,0,6,1,18,7.93,54904.6
ERCOT,2026-01-18T01:00:00Z,1,6,1,18,5.8,55862.1
ERCOT,2026-01-18T02:00:00Z,2,6,1,18,6.01,55487.8
ERCOT,2026-01-18T03:00:00Z,3,6,1,18,1.11,55850.0
ERCOT,2026-01-18T04:00:00Z,4,6,1,18,0.7,56891.3
ERCOT,2026-01-18T05:00:00Z,5,6,1,18,1.5,55789.6
ERCOT,2026-01-18T06:00:00Z,6,6,1,18,0.13,56325.6
ERCOT,2026-01-18T07:00:00Z,7,6,1,18,-0.3,56657.9
ERCOT,2026-01-18T08:00:00Z,8,6,1,18,0.17,58009.4
ERCOT,2026-01-18T09:00:00Z,9,6,1,18,2.11,58168.5
ERCOT,2026-01-18T10:00:00Z,10,6,1,18,-1.25,59183.5
ERCOT,2026-01-18T11:00:00Z,11,6,1,18,-2.32,58676.5
ERCOT,2026-01-18T12:00:00Z,12,6,1,18,0.92,57476.5
ERCOT,2026-01-18T13:00:00Z,13,6,1,18,1.19,58129.6
ERCOT,2026-01-18T14:00:00Z,14,6,1,18,2.36,57840.1
ERCOT,2026-01-18T15:00:00Z,15,6,1,18,3.88,58021.8
ERCOT,2026-01-18T16:00:00Z,16,6,1,18,6.38,57296.3
ERCOT,2026-01-18T17:00:00Z,17,6,1,18,4.09,57421.8
ERCOT,2026-01-18T18:00:00Z,18,6,1,18,4.06,57496.6
ERCOT,2026-01-18T19:00:00Z,19,6,1,18,7.59,57527.3
ERCOT,2026-01-18T20:00:00Z,20,6,1,18,6.18,55996.6
ERCOT,2026-01-18T21:00:00Z,21,6,1,18,6.38,55889.5
ERCOT,2026-01-18T22:00:00Z,22,6,1,18,7.68,55165.4
ERCOT,2026-01-18T23:00:00Z,23,6,1,18,8.34,54472.2
ERCOT,2026-01-19T00:00:00Z,0,0,0,19,7.64,58501.2
ERCOT,2026-01-19T01:00:00Z,1,0,0,19,5.31,58456.2
ERCOT,2026-01-19T02:00:00Z,2,0,0,19,8.0,57587.5
ERCOT,2026-01-19T03:00:00Z,3,0,0,19,3.78,58641.8
ERCOT,2026-01-19T04:00:00Z,4,0,0,19,4.97,59447.7
ERCOT,2026-01-19T05:00:00Z,5,0,0,19,0.31,60505.7
ERCOT,2026-01-19T06:00:00Z,6,0,0,19,0.89,60105.2
ERCOT,2026-01-19T07:00:00Z,7,0,0,19,1.0,60904.0
ERCOT,2026-01-19T08:00:00Z,8,0,0,19,-0.21,61271.0
ERCOT,2026-01-19T09:00:00Z,9,0,0,19,-0.02,61705.0
ERCOT,2026-01-19T10:00:00Z,10,0,0,19,-0.45,61611.2
ERCOT,2026-01-19T11:00:00Z,11,0,0,19,2.41,60997.2
ERCOT,2026-01-19T12:00:00Z,12,0,0,19,1.14,61845.4
ERCOT,2026-01-19T13:00:00Z,13,0,0,19,3.97,60990.2
ERCOT,2026-01-19T14:00:00Z,14,0,0,19,1.19,61564.7
ERCOT,2026-01-19T15:00:00Z,15,0,0,19,3.81,60678.5
ERCOT,2026-01-19T16:00:00Z,16,0,0,19,3.65,60118.1
ERCOT,2026-01-19T17:00:00Z,17,0,0,19,5.69,60338.8
ERCOT,2026-01-19T18:00:00Z,18,0,0,19,3.93,61307.0
ERCOT,2026-01-19T19:00:00Z,19,0,0,19,4.83,60623.0
ERCOT,2026-01-19T20:00:00Z,20,0,0,19,6.14,60440.1
ERCOT,2026-01-19T21:00:00Z,21,0,0,19,8.45,58170.3
ERCOT,2026-01-19T22:00:00Z,22,0,0,19,5.82,59345.6
ERCOT,2026-01-19T23:00:00Z,23,0,0,19,6.4,58552.8
ERCOT,2026-01-20T00:00:00Z,0,1,0,20,8.15,57787.0
ERCOT,2026-01-20T01:00:00Z,1,1,0,20,5.55,59208.4
ERCOT,2026-01-20T02:00:00Z,2,1,0,20,5.66,58571.0
ERCOT,2026-01-20T03:00:00Z,3,1,0,20,2.98,58379.8
ERCOT,2026-01-20T04:00:00Z,4,1,0,20,0.8,60160.9
ERCOT,2026-01-20T05:00:00Z,5,1,0,20,1.21,60174.7
ERCOT,2026-01-20T06:00:00Z,6,1,0,20,2.15,59566.4
ERCOT,2026-01-20T07:00:00Z,7,1,0,20,-0.4,61209.8
ERCOT,2026-01-20T08:00:00Z,8,1,0,20,-1.5,62473.0
ERCOT,2026-01-20T09:00:00Z,9,1,0,20,0.78,61668.9
ERCOT,2026-01-20T10:00:00Z,10,1,0,20,2.24,60654.8
ERCOT,2026-01-20T11:00:00Z,11,1,0,20,-0.06,62426.0
ERCOT,2026-01-20T12:00:00Z,12,1,0,20,-0.78,62718.0
ERCOT,2026-01-20T13:00:00Z,13,1,0,20,-0.24,62900.8
ERCOT,2026-01-20T14:00:00Z,14,1,0,20,3.97,61744.3
ERCOT,2026-01-20T15:00:00Z,15,1,0,20,0.64,61708.2
ERCOT,2026-01-20T16:00:00Z,16,1,0,20,5.3,61057.4
ERCOT,2026-01-20T17:00:00Z,17,1,0,20,1.37,62353.9
ERCOT,2026-01-20T18:00:00Z,18,1,0,20,6.45,59811.3
ERCOT,2026-01-20T19:00:00Z,19,1,0,20,8.37,59140.3
ERCOT,2026-01-20T20:00:00Z,20,1,0,20,6.25,59840.3
ERCOT,2026-01-20T21:00:00Z,21,1,0,20,10.09,59365.4
ERCOT,2026-01-20T22:00:00Z,22,1,0,20,7.82,58933.6
ERCOT,2026-01-20T23:00:00Z,23,1,0,20,8.07,57694.9
ERCOT,2026-01-21T00:00:00Z,0,2,0,21,7.3,58089.1
ERCOT,2026-01-21T01:00:00Z,1,2,0,21,5.98,58570.2
ERCOT,2026-01-21T02:00:00Z,2,2,0,21,5.29,58912.2
ERCOT,2026-01-21T03:00:00Z,3,2,0,21,-1.1,60440.2
ERCOT,2026-01-21T04:00:00Z,4,2,0,21,3.43,59757.5
ERCOT,2026-01-21T05:00:00Z,5,2,0,21,1.35,61111.9
ERCOT,2026-01-21T06:00:00Z,6,2,0,21,1.14,60787.2
ERCOT,2026-01-21T07:00:00Z,7,2,0,21,1.61,60969.7
ERCOT,2026-01-21T08:00:00Z,8,2,0,21,-1.71,60495.5
ERCOT,2026-01-21T09:00:00Z,9,2,0,21,-1.21,62472.0
ERCOT,2026-01-21T10:00:00Z,10,2,0,21,-0.89,62715.4
ERCOT,2026-01-21T11:00:00Z,11,2,0,21,0.26,62968.2
ERCOT,2026-01-21T12:00:00Z,12,2,0,21,0.23,62692.2
ERCOT,2026-01-21T13:00:00Z,13,2,0,21,2.26,62901.6
ERCOT,2026-01-21T14:00:00Z,14,2,0,21,-0.09,62341.5
ERCOT,2026-01-21T15:00:00Z,15,2,0,21,4.78,62285.6
ERCOT,2026-01-21T16:00:00Z,16,2,0,21,4.9,61078.7
ERCOT,2026-01-21T17:00:00Z,17,2,0,21,6.64,61096.1
ERCOT,2026-01-21T18:00:00Z,18,2,0,21,5.79,60694.1
ERCOT,2026-01-21T19:00:00Z,19,2,0,21,8.74,60578.3
ERCOT,2026-01-21T20:00:00Z,20,2,0,21,8.48,59282.1
ERCOT,2026-01-21T21:00:00Z,21,2,0,21,7.42,59471.4
ERCOT,2026-01-21T22:00:00Z,22,2,0,21,7.2,59027.3
ERCOT,2026-01-21T23:00:00Z,23,2,0,21,5.38,59796.7
ERCOT,2026-01-22T00:00:00Z,0,3,0,22,4.72,58929.6
ERCOT,2026-01-22T01:00:00Z,1,3,0,22,5.74,59948.8
ERCOT,2026-01-22T02:00:00Z,2,3,0,22,4.0,58871.4
ERCOT,2026-01-22T03:00:00Z,3,3,0,22,2.77,60507.5
ERCOT,2026-01-22T04:00:00Z,4,3,0,22,-1.66,60186.3
ERCOT,2026-01-22T05:00:00Z,5,3,0,22,5.69,59684.2
ERCOT,2026-01-22T06:00:00Z,6,3,0,22,-0.89,61076.8
ERCOT,2026-01-22T07:00:00Z,7,3,0,22,0.23,61643.7
ERCOT,2026-01-22T08:00:00Z,8,3,0,22,2.49,61232.5
ERCOT,2026-01-22T09:00:00Z,9,3,0,22,-1.21,62592.7
ERCOT,2026-01-22T10:00:00Z,10,3,0,22,-1.31,61905.9
ERCOT,2026-01-22T11:00:00Z,11,3,0,22,-2.51,62114.4
ERCOT,2026-01-22T12:00:00Z,12,3,0,22,-0.58,62071.3
ERCOT,2026-01-22T13:00:00Z,13,3,0,22,2.07,61565.3
ERCOT,2026-01-22T14:00:00Z,14,3,0,22,-2.15,62579.3
ERCOT,2026-01-22T15:00:00Z,15,3,0,22,2.89,61623.7
ERCOT,2026-01-22T16:00:00Z,16,3,0,22,6.91,60565.7
ERCOT,2026-01-22T17:00:00Z,17,3,0,22,6.92,60652.6
ERCOT,2026-01-22T18:00:00Z,18,3,0,22,6.36,60033.9
ERCOT,2026-01-22T19:00:00Z,19,3,0,22,6.97,59612.3
ERCOT,2026-01-22T20:00:00Z,20,3,0,22,7.72,59402.4
ERCOT,2026-01-22T21:00:00Z,21,3,0,22,6.18,60089.9
ERCOT,2026-01-22T22:00:00Z,22,3,0,22,8.1,58583.2
ERCOT,2026-01-22T23:00:00Z,23,3,0,22,7.28,58725.7
ERCOT,2026-01-23T00:00:00Z,0,4,0,23,5.22,59200.5
ERCOT,2026-01-23T01:00:00Z,1,4,0,23,4.76,58655.5
ERCOT,2026-01-23T02:00:00Z,2,4,0,23,2.29,59520.8
ERCOT,2026-01-23T03:00:00Z,3,4,0,23,4.54,58928.5
ERCOT,2026-01-23T04:00:00Z,4,4,0,23,6.44,59549.4
ERCOT,2026-01-23T05:00:00Z,5,4,0,23,3.65,60351.8
ERCOT,2026-01-23T06:00:00Z,6,4,0,23,3.64,59774.9
ERCOT,2026-01-23T07:00:00Z,7,4,0,23,-3.61,61884.6
ERCOT,2026-01-23T08:00:00Z,8,4,0,23,0.67,61609.3
ERCOT,2026-01-23T09:00:00Z,9,4,0,23,0.11,62701.6
ERCOT,2026-01-23T10:00:00Z,10,4,0,23,0.4,62641.5
ERCOT,2026-01-23T11:00:00Z,11,4,0,23,-1.18,62186.4
ERCOT,2026-01-23T12:00:00Z,12,4,0,23,3.28,62030.4
ERCOT,2026-01-23T13:00:00Z,13,4,0,23,0.76,62276.5
ERCOT,2026-01-23T14:00:00Z,14,4,0,23,1.68,62024.7
ERCOT,2026-01-23T15:00:00Z,15,4,0,23,1.77,61483.5
ERCOT,2026-01-23T16:00:00Z,16,4,0,23,4.43,61227.1
ERCOT,2026-01-23T17:00:00Z,17,4,0,23,7.35,60834.0
ERCOT,2026-01-23T18:00:00Z,18,4,0,23,6.92,60067.5
ERCOT,2026-01-23T19:00:00Z,19,4,0,23,6.97,60336.5
ERCOT,2026-01-23T20:00:00Z,20,4,0,23,8.63,59384.8
ERCOT,2026-01-23T21:00:00Z,21,4,0,23,9.31,58965.3
ERCOT,2026-01-23T22:00:00Z,22,4,0,23,8.75,58523.8
ERCOT,2026-01-23T23:00:00Z,23,4,0,23,4.44,59650.0
ERCOT,2026-01-24T00:00:00Z,0,5,1,24,7.71,55735.5
ERCOT,2026-01-24T01:00:00Z,1,5,1,24,6.42,55422.3
ERCOT,2026-01-24T02:00:00Z,2,5,1,24,3.61,56535.3
ERCOT,2026-01-24T03:00:00Z,3,5,1,24,4.43,55831.5
ERCOT,2026-01-24T04:00:00Z,4,5,1,24,4.42,55825.4
ERCOT,2026-01-24T05:00:00Z,5,5,1,24,0.91,58220.5
ERCOT,2026-01-24T06:00:00Z,6,5,1,24,2.26,57118.7
ERCOT,2026-01-24T07:00:00Z,7,5,1,24,0.76,58058.3
ERCOT,2026-01-24T08:00:00Z,8,5,1,24,-4.19,58900.7
ERCOT,2026-01-24T09:00:00Z,9,5,1,24,-0.29,58669.7
ERCOT,2026-01-24T10:00:00Z,10,5,1,24,0.3,59650.9
ERCOT,2026-01-24T11:00:00Z,11,5,1,24,-0.16,58786.2
ERCOT,2026-01-24T12:00:00Z,12,5,1,24,1.45,59003.8
ERCOT,2026-01-24T13:00:00Z,13,5,1,24,1.55,59086.7
ERCOT,2026-01-24T14:00:00Z,14,5,1,24,6.12,57011.3
ERCOT,2026-01-24T15:00:00Z,15,5,1,24,3.21,58794.5
ERCOT,2026-01-24T16:00:00Z,16,5,1,24,3.65,59024.6
ERCOT,2026-01-24T17:00:00Z,17,5,1,24,7.01,57526.5
ERCOT,2026-01-24T18:00:00Z,18,5,1,24,6.21,57374.5
ERCOT,2026-01-24T19:00:00Z,19,5,1,24,7.1,56872.6
ERCOT,2026-01-24T20:00:00Z,20,5,1,24,7.37,56656.7
ERCOT,2026-01-24T21:00:00Z,21,5,1,24,8.92,55174.8
ERCOT,2026-01-24T22:00:00Z,22,5,1,24,6.08,55222.9
ERCOT,2026-01-24T23:00:00Z,23,5,1,24,8.55,55539.0
ERCOT,2026-01-25T00:00:00Z,0,6,1,25,7.47,54787.2
ERCOT,2026-01-25T01:00:00Z,1,6,1,25,8.57,54911.2
ERCOT,2026-01-25T02:00:00Z,2,6,1,25,5.18,56461.8
ERCOT,2026-01-25T03:00:00Z,3,6,1,25,2.41,56387.6
ERCOT,2026-01-25T04:00:00Z,4,6,1,25,3.12,58271.3
ERCOT,2026-01-25T05:00:00Z,5,6,1,25,2.34,57993.7
ERCOT,2026-01-25T06:00:00Z,6,6,1,25,2.87,57488.5
ERCOT,2026-01-25T07:00:00Z,7,6,1,25,-1.06,59059.0
ERCOT,2026-01-25T08:00:00Z,8,6,1,25,-2.22,59949.8
ERCOT,2026-01-25T09:00:00Z,9,6,1,25,0.19,57407.1
ERCOT,2026-01-25T10:00:00Z,10,6,1,25,-0.49,59665.0
ERCOT,2026-01-25T11:00:00Z,11,6,1,25,0.07,59815.0
ERCOT,2026-01-25T12:00:00Z,12,6,1,25,-0.22,58934.6
ERCOT,2026-01-25T13:00:00Z,13,6,1,25,1.78,59318.4
ERCOT,2026-01-25T14:00:00Z,14,6,1,25,2.33,59855.2
ERCOT,2026-01-25T15:00:00Z,15,6,1,25,2.61,59202.9
ERCOT,2026-01-25T16:00:00Z,16,6,1,25,5.03,57475.1
ERCOT,2026-01-25T17:00:00Z,17,6,1,25,3.91,58344.7
ERCOT,2026-01-25T18:00:00Z,18,6,1,25,9.69,57093.3
ERCOT,2026-01-25T19:00:00Z,19,6,1,25,4.76,55821.5
ERCOT,2026-01-25T20:00:00Z,20,6,1,25,8.85,56242.8
ERCOT,2026-01-25T21:00:00Z,21,6,1,25,9.6,55320.7
ERCOT,2026-01-25T22:00:00Z,22,6,1,25,8.28,56269.4
ERCOT,2026-01-25T23:00:00Z,23,6,1,25,6.68,55682.3
ERCOT,2026-01-26T00:00:00Z,0,0,0,26,6.86,59410.7
ERCOT,2026-01-26T01:00:00Z,1,0,0,26,5.97,59755.9
ERCOT,2026-01-26T02:00:00Z,2,0,0,26,4.33,58849.6
ERCOT,2026-01-26T03:00:00Z,3,0,0,26,6.96,58757.9
ERCOT,2026-01-26T04:00:00Z,4,0,0,26,2.1,60290.6
ERCOT,2026-01-26T05:00:00Z,5,0,0,26,2.09,60355.2
ERCOT,2026-01-26T06:00:00Z,6,0,0,26,1.14,61048.3
ERCOT,2026-01-26T07:00:00Z,7,0,0,26,0.79,60175.8
ERCOT,2026-01-26T08:00:00Z,8,0,0,26,2.95,61253.6
ERCOT,2026-01-26T09:00:00Z,9,0,0,26,0.86,61361.6
ERCOT,2026-01-26T10:00:00Z,10,0,0,26,-0.58,62359.0
ERCOT,2026-01-26T11:00:00Z,11,0,0,26,2.73,61916.7
ERCOT,2026-01-26T12:00:00Z,12,0,0,26,2.3,62144.9
ERCOT,2026-01-26T13:00:00Z,13,0,0,26,1.31,62672.1
ERCOT,2026-01-26T14:00:00Z,14,0,0,26,4.88,60982.5
ERCOT,2026-01-26T15:00:00Z,15,0,0,26,2.02,61493.6
ERCOT,2026-01-26T16:00:00Z,16,0,0,26,3.39,61646.6
ERCOT,2026-01-26T17:00:00Z,17,0,0,26,3.57,61412.3
ERCOT,2026-01-26T18:00:00Z,18,0,0,26,3.8,60913.9
ERCOT,2026-01-26T19:00:00Z,19,0,0,26,9.25,60169.1
ERCOT,2026-01-26T20:00:00Z,20,0,0,26,8.14,59304.6
ERCOT,2026-01-26T21:00:00Z,21,0,0,26,5.69,59442.5
ERCOT,2026-01-26T22:00:00Z,22,0,0,26,7.79,59791.7
ERCOT,2026-01-26T23:00:00Z,23,0,0,26,8.81,59198.4
ERCOT,2026-01-27T00:00:00Z,0,1,0,27,5.82,59456.5
ERCOT,2026-01-27T01:00:00Z,1,1,0,27,5.61,59289.9
ERCOT,2026-01-27T02:00:00Z,2,1,0,27,8.19,57865.4
ERCOT,2026-01-27T03:00:00Z,3,1,0,27,3.74,60565.7
ERCOT,2026-01-27T04:00:00Z,4,1,0,27,0.86,60347.9
ERCOT,2026-01-27T05:00:00Z,5,1,0,27,1.3,60720.8
ERCOT,2026-01-27T06:00:00Z,6,1,0,27,-1.13,61997.5
ERCOT,2026-01-27T07:00:00Z,7,1,0,27,1.63,61668.8
ERCOT,2026-01-27T08:00:00Z,8,1,0,27,-1.07,62369.2
ERCOT,2026-01-27T09:00:00Z,9,1,0,27,-1.25,62504.1
ERCOT,2026-01-27T10:00:00Z,10,1,0,27,3.46,61994.3
ERCOT,2026-01-27T11:00:00Z,11,1,0,27,-1.15,63294.0
ERCOT,2026-01-27T12:00:00Z,12,1,0,27,-0.76,62618.4
ERCOT,2026-01-27T13:00:00Z,13,1,0,27,0.53,62836.0
ERCOT,2026-01-27T14:00:00Z,14,1,0,27,4.46,62533.5
ERCOT,2026-01-27T15:00:00Z,15,1,0,27,4.88,61432.5
ERCOT,2026-01-27T16:00:00Z,16,1,0,27,4.32,62141.3
ERCOT,2026-01-27T17:00:00Z,17,1,0,27,5.15,61416.6
ERCOT,2026-01-27T18:00:00Z,18,1,0,27,7.58,60550.5
ERCOT,2026-01-27T19:00:00Z,19,1,0,27,7.9,61223.6
ERCOT,2026-01-27T20:00:00Z,20,1,0,27,7.7,60702.3
ERCOT,2026-01-27T21:00:00Z,21,1,0,27,8.93,58649.6
ERCOT,2026-01-27T22:00:00Z,22,1,0,27,6.3,59284.2
ERCOT,2026-01-27T23:00:00Z,23,1,0,27,6.28,59460.8
ERCOT,2026-01-28T00:00:00Z,0,2,0,28,7.95,59764.7
ERCOT,2026-01-28T01:00:00Z,1,2,0,28,6.66,59025.3
ERCOT,2026-01-28T02:00:00Z,2,2,0,28,2.11,60310.4
ERCOT,2026-01-28T03:00:00Z,3,2,0,28,4.24,59991.6
ERCOT,2026-01-28T04:00:00Z,4,2,0,28,6.32,60283.2
ERCOT,2026-01-28T05:00:00Z,5,2,0,28,3.38,59958.5
ERCOT,2026-01-28T06:00:00Z,6,2,0,28,0.6,61338.2
ERCOT,2026-01-28T07:00:00Z,7,2,0,28,-0.43,62217.9
ERCOT,2026-01-28T08:00:00Z,8,2,0,28,0.87,61395.6
ERCOT,2026-01-28T09:00:00Z,9,2,0,28,2.0,62129.1
ERCOT,2026-01-28T10:00:00Z,10,2,0,28,-2.26,63272.3
ERCOT,2026-01-28T11:00:00Z,11,2,0,28,1.16,63322.8
ERCOT,2026-01-28T12:00:00Z,12,2,0,28,0.87,63476.1
ERCOT,2026-01-28T13:00:00Z,13,2,0,28,2.48,62029.4
ERCOT,2026-01-28T14:00:00Z,14,2,0,28,1.04,63686.6
ERCOT,2026-01-28T15:00:00Z,15,2,0,28,5.99,62070.1
ERCOT,2026-01-28T16:00:00Z,16,2,0,28,7.48,61978.3
ERCOT,2026-01-28T17:00:00Z,17,2,0,28,7.23,60713.1
ERCOT,2026-01-28T18:00:00Z,18,2,0,28,9.63,60689.2
ERCOT,2026-01-28T19:00:00Z,19,2,0,28,7.09,60259.7
ERCOT,2026-01-28T20:00:00Z,20,2,0,28,8.45,59070.8
ERCOT,2026-01-28T21:00:00Z,21,2,0,28,9.25,58963.4
ERCOT,2026-01-28T22:00:00Z,22,2,0,28,8.62,59047.5
ERCOT,2026-01-28T23:00:00Z,23,2,0,28,7.27,58977.0
ERCOT,2026-01-29T00:00:00Z,0,3,0,29,6.9,60445.8
ERCOT,2026-01-29T01:00:00Z,1,3,0,29,8.39,59186.3
ERCOT,2026-01-29T02:00:00Z,2,3,0,29,5.31,60133.3
ERCOT,2026-01-29T03:00:00Z,3,3,0,29,6.0,59146.4
ERCOT,2026-01-29T04:00:00Z,4,3,0,29,3.16,59395.6
ERCOT,2026-01-29T05:00:00Z,5,3,0,29,3.99,61588.0
ERCOT,2026-01-29T06:00:00Z,6,3,0,29,1.6,60102.1
ERCOT,2026-01-29T07:00:00Z,7,3,0,29,1.76,61064.8
ERCOT,2026-01-29T08:00:00Z,8,3,0,29,-0.55,62751.7
ERCOT,2026-01-29T09:00:00Z,9,3,0,29,0.69,62191.6
ERCOT,2026-01-29T10:00:00Z,10,3,0,29,-0.53,63089.8
ERCOT,2026-01-29T11:00:00Z,11,3,0,29,0.23,62481.9
ERCOT,2026-01-29T12:00:00Z,12,3,0,29,0.98,63282.2
ERCOT,2026-01-29T13:00:00Z,13,3,0,29,2.04,62172.0
ERCOT,2026-01-29T14:00:00Z,14,3,0,29,4.76,60845.7
ERCOT,2026-01-29T15:00:00Z,15,3,0,29,3.64,62169.6
ERCOT,2026-01-29T16:00:00Z,16,3,0,29,5.57,62227.0
ERCOT,2026-01-29T17:00:00Z,17,3,0,29,8.0,60752.5
ERCOT,2026-01-29T18:00:00Z,18,3,0,29,8.02,60955.9
ERCOT,2026-01-29T19:00:00Z,19,3,0,29,5.21,62186.2
ERCOT,2026-01-29T20:00:00Z,20,3,0,29,6.02,60856.4
ERCOT,2026-01-29T21:00:00Z,21,3,0,29,8.89,59817.9
ERCOT,2026-01-29T22:00:00Z,22,3,0,29,7.43,60151.1
ERCOT,2026-01-29T23:00:00Z,23,3,0,29,5.43,59861.0
ERCOT,2026-01-30T00:00:00Z,0,4,0,30,6.4,59241.8
ERCOT,2026-01-30T01:00:00Z,1,4,0,30,7.06,59974.3
ERCOT,2026-01-30T02:00:00Z,2,4,0,30,4.94,60278.1
ERCOT,2026-01-30T03:00:00Z,3,4,0,30,4.5,59543.1
ERCOT,2026-01-30T04:00:00Z,4,4,0,30,3.0,60367.3
ERCOT,2026-01-30T05:00:00Z,5,4,0,30,1.38,61363.2
ERCOT,2026-01-30T06:00:00Z,6,4,0,30,1.94,60419.8
ERCOT,2026-01-30T07:00:00Z,7,4,0,30,-1.52,62616.3
ERCOT,2026-01-30T08:00:00Z,8,4,0,30,-0.67,62698.2
ERCOT,2026-01-30T09:00:00Z,9,4,0,30,1.59,61662.1
ERCOT,2026-01-30T10:00:00Z,10,4,0,30,-1.56,64267.7
ERCOT,2026-01-30T11:00:00Z,11,4,0,30,1.48,62685.0
ERCOT,2026-01-30T12:00:00Z,12,4,0,30,0.19,63087.9
ERCOT,2026-01-30T13:00:00Z,13,4,0,30,0.63,63844.2
ERCOT,2026-01-30T14:00:00Z,14,4,0,30,2.22,63611.0
ERCOT,2026-01-30T15:00:00Z,15,4,0,30,3.82,61996.5
ERCOT,2026-01-30T16:00:00Z,16,4,0,30,4.82,60739.1
ERCOT,2026-01-30T17:00:00Z,17,4,0,30,6.24,61537.3
ERCOT,2026-01-30T18:00:00Z,18,4,0,30,8.49,59806.9
ERCOT,2026-01-30T19:00:00Z,19,4,0,30,9.63,60718.8
ERCOT,2026-01-30T20:00:00Z,20,4,0,30,10.16,59783.5
ERCOT,2026-01-30T21:00:00Z,21,4,0,30,9.94,58726.0
ERCOT,2026-01-30T22:00:00Z,22,4,0,30,9.35,58948.2
ERCOT,2026-01-30T23:00:00Z,23,4,0,30,5.41,59383.7
ERCOT,2026-01-31T00:00:00Z,0,5,1,31,7.37,55746.4
ERCOT,2026-01-31T01:00:00Z,1,5,1,31,7.1,55177.9
ERCOT,2026-01-31T02:00:00Z,2,5,1,31,2.38,57965.5
ERCOT,2026-01-31T03:00:00Z,3,5,1,31,5.89,55948.4
ERCOT,2026-01-31T04:00:00Z,4,5,1,31,3.49,57781.9
ERCOT,2026-01-31T05:00:00Z,5,5,1,31,3.16,57614.2
ERCOT,2026-01-31T06:00:00Z,6,5,1,31,3.35,57382.1
ERCOT,2026-01-31T07:00:00Z,7,5,1,31,1.12,58591.0
ERCOT,2026-01-31T08:00:00Z,8,5,1,31,0.26,58911.9
ERCOT,2026-01-31T09:00:00Z,9,5,1,31,0.64,59387.0
ERCOT,2026-01-31T10:00:00Z,10,5,1,31,-0.9,60441.3
ERCOT,2026-01-31T11:00:00Z,11,5,1,31,-0.39,60007.1
ERCOT,2026-01-31T12:00:00Z,12,5,1,31,1.26,60128.1
ERCOT,2026-01-31T13:00:00Z,13,5,1,31,-0.64,60928.1
ERCOT,2026-01-31T14:00:00Z,14,5,1,31,2.48,60420.9
ERCOT,2026-01-31T15:00:00Z,15,5,1,31,3.82,59342.4
ERCOT,2026-01-31T16:00:00Z,16,5,1,31,8.44,58031.0
ERCOT,2026-01-31T17:00:00Z,17,5,1,31,8.39,57976.9
ERCOT,2026-01-31T18:00:00Z,18,5,1,31,7.99,57791.3
ERCOT,2026-01-31T19:00:00Z,19,5,1,31,9.27,56767.4
ERCOT,2026-01-31T20:00:00Z,20,5,1,31,6.92,56972.5
ERCOT,2026-01-31T21:00:00Z,21,5,1,31,8.68,56488.8
ERCOT,2026-01-31T22:00:00Z,22,5,1,31,9.46,56864.2
ERCOT,2026-01-31T23:00:00Z,23,5,1,31,6.53,56148.7
ERCOT,2026-02-01T00:00:00Z,0,6,1,32,5.32,57864.1
ERCOT,2026-02-01T01:00:00Z,1,6,1,32,7.11,56531.7
ERCOT,2026-02-01T02:00:00Z,2,6,1,32,3.67,57022.2
ERCOT,2026-02-01T03:00:00Z,3,6,1,32,5.41,56588.6
ERCOT,2026-02-01T04:00:00Z,4,6,1,32,5.23,58208.6
ERCOT,2026-02-01T05:00:00Z,5,6,1,32,1.23,57493.2
ERCOT,2026-02-01T06:00:00Z,6,6,1,32,0.5,59390.3
ERCOT,2026-02-01T07:00:00Z,7,6,1,32,2.75,58264.4
ERCOT,2026-02-01T08:00:00Z,8,6,1,32,0.84,58647.0
ERCOT,2026-02-01T09:00:00Z,9,6,1,32,1.98,58961.3
ERCOT,2026-02-01T10:00:00Z,10,6,1,32,0.4,60146.8
ERCOT,2026-02-01T11:00:00Z,11,6,1,32,0.9,59809.6
ERCOT,2026-02-01T12:00:00Z,12,6,1,32,1.84,60339.6
ERCOT,2026-02-01T13:00:00Z,13,6,1,32,5.12,59589.3
ERCOT,2026-02-01T14:00:00Z,14,6,1,32,4.82,59223.4
ERCOT,2026-02-01T15:00:00Z,15,6,1,32,3.59,59876.6
ERCOT,2026-02-01T16:00:00Z,16,6,1,32,5.94,58048.0
ERCOT,2026-02-01T17:00:00Z,17,6,1,32,6.16,58498.8
ERCOT,2026-02-01T18:00:00Z,18,6,1,32,6.71,58945.2
ERCOT,2026-02-01T19:00:00Z,19,6,1,32,8.83,58093.0
ERCOT,2026-02-01T20:00:00Z,20,6,1,32,8.91,57028.6
ERCOT,2026-02-01T21:00:00Z,21,6,1,32,7.24,57030.6
ERCOT,2026-02-01T22:00:00Z,22,6,1,32,8.53,55696.6
ERCOT,2026-02-01T23:00:00Z,23,6,1,32,7.3,56302.5
ERCOT,2026-02-02T00:00:00Z,0,0,0,33,8.22,59761.0
ERCOT,2026-02-02T01:00:00Z,1,0,0,33,5.9,60188.4
ERCOT,2026-02-02T02:00:00Z,2,0,0,33,5.53,58432.7
ERCOT,2026-02-02T03:00:00Z,3,0,0,33,4.04,61019.4
ERCOT,2026-02-02T04:00:00Z,4,0,0,33,1.21,61279.4
ERCOT,2026-02-02T05:00:00Z,5,0,0,33,5.15,60171.7
ERCOT,2026-02-02T06:00:00Z,6,0,0,33,1.94,60869.7
ERCOT,2026-02-02T07:00:00Z,7,0,0,33,3.74,61470.5
ERCOT,2026-02-02T08:00:00Z,8,0,0,33,0.97,63208.0
ERCOT,2026-02-02T09:00:00Z,9,0,0,33,1.76,62134.5
ERCOT,2026-02-02T10:00:00Z,10,0,0,33,-0.07,63582.3
ERCOT,2026-02-02T11:00:00Z,11,0,0,33,0.37,62288.6
ERCOT,2026-02-02T12:00:00Z,12,0,0,33,1.86,62479.4
ERCOT,2026-02-02T13:00:00Z,13,0,0,33,5.19,62744.9
ERCOT,2026-02-02T14:00:00Z,14,0,0,33,2.37,62883.2
ERCOT,2026-02-02T15:00:00Z,15,0,0,33,1.93,62672.5
ERCOT,2026-02-02T16:00:00Z,16,0,0,33,7.33,63149.4
ERCOT,2026-02-02T17:00:00Z,17,0,0,33,7.86,61516.2
ERCOT,2026-02-02T18:00:00Z,18,0,0,33,6.95,60948.6
ERCOT,2026-02-02T19:00:00Z,19,0,0,33,11.32,60082.9
ERCOT,2026-02-02T20:00:00Z,20,0,0,33,11.8,60509.4
ERCOT,2026-02-02T21:00:00Z,21,0,0,33,6.16,60293.5
ERCOT,2026-02-02T22:00:00Z,22,0,0,33,7.63,60000.1
ERCOT,2026-02-02T23:00:00Z,23,0,0,33,8.14,61340.4
ERCOT,2026-02-03T00:00:00Z,0,1,0,34,6.1,60194.0
ERCOT,2026-02-03T01:00:00Z,1,1,0,34,7.81,59603.2
ERCOT,2026-02-03T02:00:00Z,2,1,0,34,6.09,59408.8
ERCOT,2026-02-03T03:00:00Z,3,1,0,34,5.05,60581.0
ERCOT,2026-02-03T04:00:00Z,4,1,0,34,4.34,60936.8
ERCOT,2026-02-03T05:00:00Z,5,1,0,34,5.01,61231.2
ERCOT,2026-02-03T06:00:00Z,6,1,0,34,2.17,60988.4
ERCOT,2026-02-03T07:00:00Z,7,1,0,34,0.52,62199.3
ERCOT,2026-02-03T08:00:00Z,8,1,0,34,1.4,62201.0
ERCOT,2026-02-03T09:00:00Z,9,1,0,34,-0.52,62558.5
ERCOT,2026-02-03T10:00:00Z,10,1,0,34,-1.45,63581.0
ERCOT,2026-02-03T11:00:00Z,11,1,0,34,-0.78,63250.7
ERCOT,2026-02-03T12:00:00Z,12,1,0,34,1.47,62740.0
ERCOT,2026-02-03T13:00:00Z,13,1,0,34,3.46,63531.6
ERCOT,2026-02-03T14:00:00Z,14,1,0,34,3.03,62978.5
ERCOT,2026-02-03T15:00:00Z,15,1,0,34,5.69,62152.5
ERCOT,2026-02-03T16:00:00Z,16,1,0,34,4.75,63242.5
ERCOT,2026-02-03T17:00:00Z,17,1,0,34,8.21,61914.4
ERCOT,2026-02-03T18:00:00Z,18,1,0,34,9.1,60008.0
ERCOT,2026-02-03T19:00:00Z,19,1,0,34,10.38,60704.1
ERCOT,2026-02-03T20:00:00Z,20,1,0,34,10.27,60389.4
ERCOT,2026-02-03T21:00:00Z,21,1,0,34,8.96,59986.6
ERCOT,2026-02-03T22:00:00Z,22,1,0,34,9.3,59599.4
ERCOT,2026-02-03T23:00:00Z,23,1,0,34,9.65,58582.4
ERCOT,2026-02-04T00:00:00Z,0,2,0,35,7.03,61083.2
ERCOT,2026-02-04T01:00:00Z,1,2,0,35,6.07,59950.1
ERCOT,2026-02-04T02:00:00Z,2,2,0,35,4.72,60563.0
ERCOT,2026-02-04T03:00:00Z,3,2,0,35,3.9,60543.0
ERCOT,2026-02-04T04:00:00Z,4,2,0,35,5.25,60134.1
ERCOT,2026-02-04T05:00:00Z,5,2,0,35,4.19,61441.3
ERCOT,2026-02-04T06:00:00Z,6,2,0,35,3.76,61452.9
ERCOT,2026-02-04T07:00:00Z,7,2,0,35,6.41,61699.8
ERCOT,2026-02-04T08:00:00Z,8,2,0,35,1.63,62025.7
ERCOT,2026-02-04T09:00:00Z,9,2,0,35,0.86,63787.0
ERCOT,2026-02-04T10:00:00Z,10,2,0,35,3.71,63481.6
ERCOT,2026-02-04T11:00:00Z,11,2,0,35,2.72,62433.5
ERCOT,2026-02-04T12:00:00Z,12,2,0,35,2.91,62568.5
ERCOT,2026-02-04T13:00:00Z,13,2,0,35,0.78,63939.5
ERCOT,2026-02-04T14:00:00Z,14,2,0,35,4.76,63429.1
ERCOT,2026-02-04T15:00:00Z,15,2,0,35,5.75,62918.1
ERCOT,2026-02-04T16:00:00Z,16,2,0,35,4.57,62660.6
ERCOT,2026-02-04T17:00:00Z,17,2,0,35,4.75,61338.1
ERCOT,2026-02-04T18:00:00Z,18,2,0,35,8.95,60809.6
ERCOT,2026-02-04T19:00:00Z,19,2,0,35,9.78,61324.2
ERCOT,2026-02-04T20:00:00Z,20,2,0,35,7.94,61106.3
ERCOT,2026-02-04T21:00:00Z,21,2,0,35,8.02,59424.4
ERCOT,2026-02-04T22:00:00Z,22,2,0,35,9.06,59659.6
ERCOT,2026-02-04T23:00:00Z,23,2,0,35,7.81,61040.4
ERCOT,2026-02-05T00:00:00Z,0,3,0,36,5.67,60559.7
ERCOT,2026-02-05T01:00:00Z,1,3,0,36,5.64,60768.4
ERCOT,2026-02-05T02:00:00Z,2,3,0,36,6.62,60262.9
ERCOT,2026-02-05T03:00:00Z,3,3,0,36,3.72,60358.6
ERCOT,2026-02-05T04:00:00Z,4,3,0,36,5.49,61532.2
ERCOT,2026-02-05T05:00:00Z,5,3,0,36,3.85,60663.0
ERCOT,2026-02-05T06:00:00Z,6,3,0,36,2.81,63012.7
ERCOT,2026-02-05T07:00:00Z,7,3,0,36,1.82,63025.3
ERCOT,2026-02-05T08:00:00Z,8,3,0,36,0.16,62901.5
ERCOT,2026-02-05T09:00:00Z,9,3,0,36,2.06,63050.3
ERCOT,2026-02-05T10:00:00Z,10,3,0,36,0.12,63106.0
ERCOT,2026-02-05T11:00:00Z,11,3,0,36,3.15,63778.2
ERCOT,2026-02-05T12:00:00Z,12,3,0,36,4.57,63970.9
ERCOT,2026-02-05T13:00:00Z,13,3,0,36,3.34,63167.3
ERCOT,2026-02-05T14:00:00Z,14,3,0,36,6.12,63117.0
ERCOT,2026-02-05T15:00:00Z,15,3,0,36,3.66,62611.2
ERCOT,2026-02-05T16:00:00Z,16,3,0,36,6.91,62199.3
ERCOT,2026-02-05T17:00:00Z,17,3,0,36,7.09,62607.0
ERCOT,2026-02-05T18:00:00Z,18,3,0,36,9.1,62014.9
ERCOT,2026-02-05T19:00:00Z,19,3,0,36,5.7,61845.0
ERCOT,2026-02-05T20:00:00Z,20,3,0,36,10.04,59574.1
ERCOT,2026-02-05T21:00:00Z,21,3,0,36,8.15,60041.0
ERCOT,2026-02-05T22:00:00Z,22,3,0,36,9.03,60913.2
ERCOT,2026-02-05T23:00:00Z,23,3,0,36,11.63,58759.1
ERCOT,2026-02-06T00:00:00Z,0,4,0,37,8.88,60043.3
ERCOT,2026-02-06T01:00:00Z,1,4,0,37,7.84,60096.2
ERCOT,2026-02-06T02:00:00Z,2,4,0,37,6.75,61044.8
ERCOT,2026-02-06T03:00:00Z,3,4,0,37,6.91,59585.1
ERCOT,2026-02-06T04:00:00Z,4,4,0,37,5.42,61156.6
ERCOT,2026-02-06T05:00:00Z,5,4,0,37,3.73,61897.5
ERCOT,2026-02-06T06:00:00Z,6,4,0,37,2.71,61901.8
ERCOT,2026-02-06T07:00:00Z,7,4,0,37,1.98,61169.2
ERCOT,2026-02-06T08:00:00Z,8,4,0,37,1.28,62403.5
ERCOT,2026-02-06T09:00:00Z,9,4,0,37,-0.52,64280.6
ERCOT,2026-02-06T10:00:00Z,10,4,0,37,2.15,63179.7
ERCOT,2026-02-06T11:00:00Z,11,4,0,37,0.95,63862.4
ERCOT,2026-02-06T12:00:00Z,12,4,0,37,3.92,62759.9
ERCOT,2026-02-06T13:00:00Z,13,4,0,37,3.25,63926.0
ERCOT,2026-02-06T14:00:00Z,14,4,0,37,1.32,63842.0
ERCOT,2026-02-06T15:00:00Z,15,4,0,37,4.62,62987.7
ERCOT,2026-02-06T16:00:00Z,16,4,0,37,5.54,62764.5
ERCOT,2026-02-06T17:00:00Z,17,4,0,37,10.14,61259.5
ERCOT,2026-02-06T18:00:00Z,18,4,0,37,8.53,62598.9
ERCOT,2026-02-06T19:00:00Z,19,4,0,37,7.9,62312.0
ERCOT,2026-02-06T20:00:00Z,20,4,0,37,9.13,61685.4
ERCOT,2026-02-06T21:00:00Z,21,4,0,37,10.38,60272.7
ERCOT,2026-02-06T22:00:00Z,22,4,0,37,9.02,59767.6
ERCOT,2026-02-06T23:00:00Z,23,4,0,37,8.84,60407.1
ERCOT,2026-02-07T00:00:00Z,0,5,1,38,8.2,56502.5
ERCOT,2026-02-07T01:00:00Z,1,5,1,38,7.01,57395.8
ERCOT,2026-02-07T02:00:00Z,2,5,1,38,8.26,56208.2
ERCOT,2026-02-07T03:00:00Z,3,5,1,38,4.38,57723.8
ERCOT,2026-02-07T04:00:00Z,4,5,1,38,6.64,57817.2
ERCOT,2026-02-07T05:00:00Z,5,5,1,38,1.51,58409.6
ERCOT,2026-02-07T06:00:00Z,6,5,1,38,1.16,58776.1
ERCOT,2026-02-07T07:00:00Z,7,5,1,38,4.33,57769.9
ERCOT,2026-02-07T08:00:00Z,8,5,1,38,-0.9,59585.6
ERCOT,2026-02-07T09:00:00Z,9,5,1,38,1.82,60109.5
ERCOT,2026-02-07T10:00:00Z,10,5,1,38,2.18,60627.3
ERCOT,2026-02-07T11:00:00Z,11,5,1,38,-0.72,61511.1
ERCOT,2026-02-07T12:00:00Z,12,5,1,38,2.09,60809.8
ERCOT,2026-02-07T13:00:00Z,13,5,1,38,1.4,60649.0
ERCOT,2026-02-07T14:00:00Z,14,5,1,38,4.71,60555.0
ERCOT,2026-02-07T15:00:00Z,15,5,1,38,3.01,60222.3
ERCOT,2026-02-07T16:00:00Z,16,5,1,38,4.79,59921.9
ERCOT,2026-02-07T17:00:00Z,17,5,1,38,8.55,59286.5
ERCOT,2026-02-07T18:00:00Z,18,5,1,38,7.41,59047.2
ERCOT,2026-02-07T19:00:00Z,19,5,1,38,10.89,56542.1
ERCOT,2026-02-07T20:00:00Z,20,5,1,38,10.17,57794.8
ERCOT,2026-02-07T21:00:00Z,21,5,1,38,9.0,56533.3
ERCOT,2026-02-07T22:00:00Z,22,5,1,38,10.67,55880.8
ERCOT,2026-02-07T23:00:00Z,23,5,1,38,8.58,56737.9
ERCOT,2026-02-08T00:00:00Z,0,6,1,39,9.42,56152.4
ERCOT,2026-02-08T01:00:00Z,1,6,1,39,6.49,57108.5
ERCOT,2026-02-08T02:00:00Z,2,6,1,39,8.06,57966.4
ERCOT,2026-02-08T03:00:00Z,3,6,1,39,3.26,58026.4
ERCOT,2026-02-08T04:00:00Z,4,6,1,39,2.85,58670.8
ERCOT,2026-02-08T05:00:00Z,5,6,1,39,2.11,58141.3
ERCOT,2026-02-08T06:00:00Z,6,6,1,39,1.81,58829.6
ERCOT,2026-02-08T07:00:00Z,7,6,1,39,2.54,59302.1
ERCOT,2026-02-08T08:00:00Z,8,6,1,39,1.65,58838.5
ERCOT,2026-02-08T09:00:00Z,9,6,1,39,2.61,59654.5
ERCOT,2026-02-08T10:00:00Z,10,6,1,39,3.4,59413.3
ERCOT,2026-02-08T11:00:00Z,11,6,1,39,-0.35,60846.6
ERCOT,2026-02-08T12:00:00Z,12,6,1,39,4.63,60026.3
ERCOT,2026-02-08T13:00:00Z,13,6,1,39,3.22,59857.7
ERCOT,2026-02-08T14:00:00Z,14,6,1,39,7.12,58911.9
ERCOT,2026-02-08T15:00:00Z,15,6,1,39,4.43,60296.1
ERCOT,2026-02-08T16:00:00Z,16,6,1,39,3.77,60660.2
ERCOT,2026-02-08T17:00:00Z,17,6,1,39,8.45,59184.6
ERCOT,2026-02-08T18:00:00Z,18,6,1,39,9.18,58148.8
ERCOT,2026-02-08T19:00:00Z,19,6,1,39,7.39,58229.7
ERCOT,2026-02-08T20:00:00Z,20,6,1,39,7.92,58119.8
ERCOT,2026-02-08T21:00:00Z,21,6,1,39,10.73,57720.8
ERCOT,2026-02-08T22:00:00Z,22,6,1,39,9.94,57298.5
ERCOT,2026-02-08T23:00:00Z,23,6,1,39,8.54,56597.0
ERCOT,2026-02-09T00:00:00Z,0,0,0,40,9.19,59723.6
ERCOT,2026-02-09T01:00:00Z,1,0,0,40,8.05,59515.0
ERCOT,2026-02-09T02:00:00Z,2,0,0,40,5.36,61040.1
ERCOT,2026-02-09T03:00:00Z,3,0,0,40,6.98,59880.0
ERCOT,2026-02-09T04:00:00Z,4,0,0,40,5.62,60596.9
ERCOT,2026-02-09T05:00:00Z,5,0,0,40,3.67,62335.8
ERCOT,2026-02-09T06:00:00Z,6,0,0,40,4.03,62207.6
ERCOT,2026-02-09T07:00:00Z,7,0,0,40,5.05,61485.0
ERCOT,2026-02-09T08:00:00Z,8,0,0,40,0.31,62855.5
ERCOT,2026-02-09T09:00:00Z,9,0,0,40,1.27,62072.1
ERCOT,2026-02-09T10:00:00Z,10,0,0,40,1.47,63314.2
ERCOT,2026-02-09T11:00:00Z,11,0,0,40,3.36,63631.1
ERCOT,2026-02-09T12:00:00Z,12,0,0,40,1.92,64247.4
ERCOT,2026-02-09T13:00:00Z,13,0,0,40,4.73,62968.4
ERCOT,2026-02-09T14:00:00Z,14,0,0,40,3.87,62356.3
ERCOT,2026-02-09T15:00:00Z,15,0,0,40,4.01,63054.0
ERCOT,2026-02-09T16:00:00Z,16,0,0,40,6.8,62161.6
ERCOT,2026-02-09T17:00:00Z,17,0,0,40,6.88,61750.8
ERCOT,2026-02-09T18:00:00Z,18,0,0,40,8.73,61958.5
ERCOT,2026-02-09T19:00:00Z,19,0,0,40,9.72,61189.2
ERCOT,2026-02-09T20:00:00Z,20,0,0,40,7.2,61057.5
ERCOT,2026-02-09T21:00:00Z,21,0,0,40,9.04,60446.7
ERCOT,2026-02-09T22:00:00Z,22,0,0,40,9.63,61031.2
ERCOT,2026-02-09T23:00:00Z,23,0,0,40,10.33,59310.2
ERCOT,2026-02-10T00:00:00Z,0,1,0,41,9.63,60278.4
ERCOT,2026-02-10T01:00:00Z,1,1,0,41,6.57,60978.0
ERCOT,2026-02-10T02:00:00Z,2,1,0,41,6.58,59734.8
ERCOT,2026-02-10T03:00:00Z,3,1,0,41,6.47,60741.5
ERCOT,2026-02-10T04:00:00Z,4,1,0,41,4.41,61223.4
ERCOT,2026-02-10T05:00:00Z,5,1,0,41,2.7,62192.5
ERCOT,2026-02-10T06:00:00Z,6,1,0,41,2.89,62199.9
ERCOT,2026-02-10T07:00:00Z,7,1,0,41,2.85,61806.8
ERCOT,2026-02-10T08:00:00Z,8,1,0,41,0.58,62064.6
ERCOT,2026-02-10T09:00:00Z,9,1,0,41,2.63,62487.7
ERCOT,2026-02-10T10:00:00Z,10,1,0,41,2.12,63763.2
ERCOT,2026-02-10T11:00:00Z,11,1,0,41,3.22,62892.5
ERCOT,2026-02-10T12:00:00Z,12,1,0,41,2.86,64722.5
ERCOT,2026-02-10T13:00:00Z,13,1,0,41,6.35,63664.7
ERCOT,2026-02-10T14:00:00Z,14,1,0,41,5.25,62811.0
ERCOT,2026-02-10T15:00:00Z,15,1,0,41,6.86,62836.0
ERCOT,2026-02-10T16:00:00Z,16,1,0,41,7.66,62230.6
ERCOT,2026-02-10T17:00:00Z,17,1,0,41,7.52,62460.2
ERCOT,2026-02-10T18:00:00Z,18,1,0,41,8.98,62028.8
ERCOT,2026-02-10T19:00:00Z,19,1,0,41,8.38,60825.1
ERCOT,2026-02-10T20:00:00Z,20,1,0,41,12.08,61780.5
ERCOT,2026-02-10T21:00:00Z,21,1,0,41,10.45,59715.9
ERCOT,2026-02-10T22:00:00Z,22,1,0,41,8.49,60864.7
ERCOT,2026-02-10T23:00:00Z,23,1,0,41,11.26,59069.3
ERCOT,2026-02-11T00:00:00Z,0,2,0,42,8.56,60354.9
ERCOT,2026-02-11T01:00:00Z,1,2,0,42,9.22,59826.8
ERCOT,2026-02-11T02:00:00Z,2,2,0,42,4.61,61371.0
ERCOT,2026-02-11T03:00:00Z,3,2,0,42,7.61,60411.8
ERCOT,2026-02-11T04:00:00Z,4,2,0,42,5.49,60830.1
ERCOT,2026-02-11T05:00:00Z,5,2,0,42,2.65,62519.2
ERCOT,2026-02-11T06:00:00Z,6,2,0,42,3.67,62291.8
ERCOT,2026-02-11T07:00:00Z,7,2,0,42,4.71,61539.8
ERCOT,2026-02-11T08:00:00Z,8,2,0,42,1.23,63309.9
ERCOT,2026-02-11T09:00:00Z,9,2,0,42,1.07,64013.7
ERCOT,2026-02-11T10:00:00Z,10,2,0,42,1.77,63174.8
ERCOT,2026-02-11T11:00:00Z,11,2,0,42,2.55,63881.5
ERCOT,2026-02-11T12:00:00Z,12,2,0,42,4.49,63746.1
ERCOT,2026-02-11T13:00:00Z,13,2,0,42,4.61,63767.3
ERCOT,2026-02-11T14:00:00Z,14,2,0,42,4.6,63199.3
ERCOT,2026-02-11T15:00:00Z,15,2,0,42,6.35,62937.5
ERCOT,2026-02-11T16:00:00Z,16,2,0,42,9.49,63000.2
ERCOT,2026-02-11T17:00:00Z,17,2,0,42,8.87,62368.2
ERCOT,2026-02-11T18:00:00Z,18,2,0,42,8.62,61229.9
ERCOT,2026-02-11T19:00:00Z,19,2,0,42,9.06,61555.9
ERCOT,2026-02-11T20:00:00Z,20,2,0,42,10.13,61186.0
ERCOT,2026-02-11T21:00:00Z,21,2,0,42,11.3,59963.0
ERCOT,2026-02-11T22:00:00Z,22,2,0,42,8.76,61408.9
ERCOT,2026-02-11T23:00:00Z,23,2,0,42,10.54,59765.6
ERCOT,2026-02-12T00:00:00Z,0,3,0,43,8.72,60239.3
ERCOT,2026-02-12T01:00:00Z,1,3,0,43,8.1,60604.9
ERCOT,2026-02-12T02:00:00Z,2,3,0,43,10.89,59835.4
ERCOT,2026-02-12T03:00:00Z,3,3,0,43,7.05,59736.4
ERCOT,2026-02-12T04:00:00Z,4,3,0,43,4.29,62114.9
ERCOT,2026-02-12T05:00:00Z,5,3,0,43,4.66,59183.1
ERCOT,2026-02-12T06:00:00Z,6,3,0,43,4.24,63036.8
ERCOT,2026-02-12T07:00:00Z,7,3,0,43,-0.4,64164.2
ERCOT,2026-02-12T08:00:00Z,8,3,0,43,-1.97,64525.8
ERCOT,2026-02-12T09:00:00Z,9,3,0,43,2.04,62161.4
ERCOT,2026-02-12T10:00:00Z,10,3,0,43,2.86,64198.9
ERCOT,2026-02-12T11:00:00Z,11,3,0,43,3.14,64065.3
ERCOT,2026-02-12T12:00:00Z,12,3,0,43,2.61,63004.7
ERCOT,2026-02-12T13:00:00Z,13,3,0,43,5.09,64531.7
ERCOT,2026-02-12T14:00:00Z,14,3,0,43,6.72,62119.3
ERCOT,2026-02-12T15:00:00Z,15,3,0,43,3.78,63305.0
ERCOT,2026-02-12T16:00:00Z,16,3,0,43,4.7,63423.9
ERCOT,2026-02-12T17:00:00Z,17,3,0,43,8.65,61506.7
ERCOT,2026-02-12T18:00:00Z,18,3,0,43,10.05,62022.9
ERCOT,2026-02-12T19:00:00Z,19,3,0,43,8.7,61569.1
ERCOT,2026-02-12T20:00:00Z,20,3,0,43,7.0,61518.5
ERCOT,2026-02-12T21:00:00Z,21,3,0,43,10.07,60792.4
ERCOT,2026-02-12T22:00:00Z,22,3,0,43,10.49,60449.1
ERCOT,2026-02-12T23:00:00Z,23,3,0,43,9.12,60533.8
ERCOT,2026-02-13T00:00:00Z,0,4,0,44,10.53,59929.8
ERCOT,2026-02-13T01:00:00Z,1,4,0,44,8.67,60200.7
ERCOT,2026-02-13T02:00:00Z,2,4,0,44,6.26,61121.2
ERCOT,2026-02-13T03:00:00Z,3,4,0,44,5.36,61330.8
ERCOT,2026-02-13T04:00:00Z,4,4,0,44,5.2,61155.2
ERCOT,2026-02-13T05:00:00Z,5,4,0,44,3.7,61611.2
ERCOT,2026-02-13T06:00:00Z,6,4,0,44,0.9,63010.5
ERCOT,2026-02-13T07:00:00Z,7,4,0,44,3.08,63113.4
ERCOT,2026-02-13T08:00:00Z,8,4,0,44,1.53,64365.6
ERCOT,2026-02-13T09:00:00Z,9,4,0,44,1.63,63147.6
ERCOT,2026-02-13T10:00:00Z,10,4,0,44,0.84,63140.0
ERCOT,2026-02-13T11:00:00Z,11,4,0,44,5.03,64164.7
ERCOT,2026-02-13T12:00:00Z,12,4,0,44,4.27,63254.1
ERCOT,2026-02-13T13:00:00Z,13,4,0,44,6.91,63059.1
ERCOT,2026-02-13T14:00:00Z,14,4,0,44,4.76,64517.2
ERCOT,2026-02-13T15:00:00Z,15,4,0,44,7.18,64316.1
ERCOT,2026-02-13T16:00:00Z,16,4,0,44,7.6,62626.0
ERCOT,2026-02-13T17:00:00Z,17,4,0,44,7.28,61661.8
ERCOT,2026-02-13T18:00:00Z,18,4,0,44,8.61,62722.8
ERCOT,2026-02-13T19:00:00Z,19,4,0,44,10.56,61349.2
ERCOT,2026-02-13T20:00:00Z,20,4,0,44,8.57,61563.5
ERCOT,2026-02-13T21:00:00Z,21,4,0,44,11.71,60657.2
ERCOT,2026-02-13T22:00:00Z,22,4,0,44,10.31,59999.1
ERCOT,2026-02-13T23:00:00Z,23,4,0,44,10.96,58333.1
ERCOT,2026-02-14T00:00:00Z,0,5,1,45,9.74,58351.2
ERCOT,2026-02-14T01:00:00Z,1,5,1,45,6.07,57523.8
ERCOT,2026-02-14T02:00:00Z,2,5,1,45,7.36,57119.2
ERCOT,2026-02-14T03:00:00Z,3,5,1,45,7.89,57603.9
ERCOT,2026-02-14T04:00:00Z,4,5,1,45,5.53,58470.7
ERCOT,2026-02-14T05:00:00Z,5,5,1,45,4.36,60276.7
ERCOT,2026-02-14T06:00:00Z,6,5,1,45,3.73,59065.1
ERCOT,2026-02-14T07:00:00Z,7,5,1,45,0.31,59738.9
ERCOT,2026-02-14T08:00:00Z,8,5,1,45,4.19,58785.5
ERCOT,2026-02-14T09:00:00Z,9,5,1,45,-0.9,60984.2
ERCOT,2026-02-14T10:00:00Z,10,5,1,45,4.53,60087.5
ERCOT,2026-02-14T11:00:00Z,11,5,1,45,2.37,59756.0
ERCOT,2026-02-14T12:00:00Z,12,5,1,45,4.19,60910.5
ERCOT,2026-02-14T13:00:00Z,13,5,1,45,1.66,61813.0
ERCOT,2026-02-14T14:00:00Z,14,5,1,45,6.45,60758.9
ERCOT,2026-02-14T15:00:00Z,15,5,1,45,7.21,60240.7
ERCOT,2026-02-14T16:00:00Z,16,5,1,45,8.15,59983.2
ERCOT,2026-02-14T17:00:00Z,17,5,1,45,5.61,59001.2
ERCOT,2026-02-14T18:00:00Z,18,5,1,45,8.06,58923.7
ERCOT,2026-02-14T19:00:00Z,19,5,1,45,10.38,58337.0
ERCOT,2026-02-14T20:00:00Z,20,5,1,45,11.88,58124.3
ERCOT,2026-02-14T21:00:00Z,21,5,1,45,9.03,57924.5
ERCOT,2026-02-14T22:00:00Z,22,5,1,45,8.93,57419.5
ERCOT,2026-02-14T23:00:00Z,23,5,1,45,10.28,55111.7
ERCOT,2026-02-15T00:00:00Z,0,6,1,46,12.92,56628.8
ERCOT,2026-02-15T01:00:00Z,1,6,1,46,7.59,58464.5
ERCOT,2026-02-15T02:00:00Z,2,6,1,46,6.99,57607.7
ERCOT,2026-02-15T03:00:00Z,3,6,1,46,5.75,58804.5
ERCOT,2026-02-15T04:00:00Z,4,6,1,46,5.29,58248.5
ERCOT,2026-02-15T05:00:00Z,5,6,1,46,6.28,58507.0
ERCOT,2026-02-15T06:00:00Z,6,6,1,46,3.57,59685.4
ERCOT,2026-02-15T07:00:00Z,7,6,1,46,6.82,58859.4
ERCOT,2026-02-15T08:00:00Z,8,6,1,46,2.79,60003.0
ERCOT,2026-02-15T09:00:00Z,9,6,1,46,4.44,59541.5
ERCOT,2026-02-15T10:00:00Z,10,6,1,46,2.2,59812.0
ERCOT,2026-02-15T11:00:00Z,11,6,1,46,1.24,60822.2
ERCOT,2026-02-15T12:00:00Z,12,6,1,46,3.57,61736.6
ERCOT,2026-02-15T13:00:00Z,13,6,1,46,5.28,59971.7
ERCOT,2026-02-15T14:00:00Z,14,6,1,46,4.35,61434.3
ERCOT,2026-02-15T15:00:00Z,15,6,1,46,8.17,59766.6
ERCOT,2026-02-15T16:00:00Z,16,6,1,46,6.85,60491.2
ERCOT,2026-02-15T17:00:00Z,17,6,1,46,6.99,59819.1
ERCOT,2026-02-15T18:00:00Z,18,6,1,46,12.72,58164.3
ERCOT,2026-02-15T19:00:00Z,19,6,1,46,8.78,58817.3
ERCOT,2026-02-15T20:00:00Z,20,6,1,46,9.64,57298.7
ERCOT,2026-02-15T21:00:00Z,21,6,1,46,11.53,57938.0
ERCOT,2026-02-15T22:00:00Z,22,6,1,46,9.88,57187.5
ERCOT,2026-02-15T23:00:00Z,23,6,1,46,8.5,57376.6
ERCOT,2026-02-16T00:00:00Z,0,0,0,47,8.61,60089.8
ERCOT,2026-02-16T01:00:00Z,1,0,0,47,11.46,60187.4
ERCOT,2026-02-16T02:00:00Z,2,0,0,47,8.52,61064.5
ERCOT,2026-02-16T03:00:00Z,3,0,0,47,7.78,60600.9
ERCOT,2026-02-16T04:00:00Z,4,0,0,47,6.0,61241.1
ERCOT,2026-02-16T05:00:00Z,5,0,0,47,5.28,61973.0
ERCOT,2026-02-16T06:00:00Z,6,0,0,47,3.22,61799.3
ERCOT,2026-02-16T07:00:00Z,7,0,0,47,3.38,62709.2
ERCOT,2026-02-16T08:00:00Z,8,0,0,47,-0.08,64198.1
ERCOT,2026-02-16T09:00:00Z,9,0,0,47,4.07,64723.0
ERCOT,2026-02-16T10:00:00Z,10,0,0,47,2.17,63745.9
ERCOT,2026-02-16T11:00:00Z,11,0,0,47,1.49,64544.6
ERCOT,2026-02-16T12:00:00Z,12,0,0,47,4.1,63579.5
ERCOT,2026-02-16T13:00:00Z,13,0,0,47,4.36,62967.0
ERCOT,2026-02-16T14:00:00Z,14,0,0,47,6.98,63055.8
ERCOT,2026-02-16T15:00:00Z,15,0,0,47,6.57,62697.0
ERCOT,2026-02-16T16:00:00Z,16,0,0,47,6.78,63112.2
ERCOT,2026-02-16T17:00:00Z,17,0,0,47,8.61,62890.6
ERCOT,2026-02-16T18:00:00Z,18,0,0,47,11.61,62076.8
ERCOT,2026-02-16T19:00:00Z,19,0,0,47,11.53,62160.8
ERCOT,2026-02-16T20:00:00Z,20,0,0,47,11.34,61049.5
ERCOT,2026-02-16T21:00:00Z,21,0,0,47,12.14,61159.1
ERCOT,2026-02-16T22:00:00Z,22,0,0,47,11.46,59625.7
ERCOT,2026-02-16T23:00:00Z,23,0,0,47,8.83,60615.6
ERCOT,2026-02-17T00:00:00Z,0,1,0,48,10.77,60236.9
ERCOT,2026-02-17T01:00:00Z,1,1,0,48,10.47,60949.1
ERCOT,2026-02-17T02:00:00Z,2,1,0,48,9.6,61080.4
ERCOT,2026-02-17T03:00:00Z,3,1,0,48,5.21,61735.8
ERCOT,2026-02-17T04:00:00Z,4,1,0,48,4.82,60818.1
ERCOT,2026-02-17T05:00:00Z,5,1,0,48,4.34,62798.9
ERCOT,2026-02-17T06:00:00Z,6,1,0,48,4.63,63407.5
ERCOT,2026-02-17T07:00:00Z,7,1,0,48,3.57,64203.3
ERCOT,2026-02-17T08:00:00Z,8,1,0,48,3.17,63294.5
ERCOT,2026-02-17T09:00:00Z,9,1,0,48,0.85,64729.5
ERCOT,2026-02-17T10:00:00Z,10,1,0,48,2.15,63768.5
ERCOT,2026-02-17T11:00:00Z,11,1,0,48,5.23,64323.5
ERCOT,2026-02-17T12:00:00Z,12,1,0,48,5.64,63565.3
ERCOT,2026-02-17T13:00:00Z,13,1,0,48,4.69,64027.1
ERCOT,2026-02-17T14:00:00Z,14,1,0,48,6.91,64427.2
ERCOT,2026-02-17T15:00:00Z,15,1,0,48,7.32,64480.6
ERCOT,2026-02-17T16:00:00Z,16,1,0,48,9.15,62694.2
ERCOT,2026-02-17T17:00:00Z,17,1,0,48,10.01,63333.5
ERCOT,2026-02-17T18:00:00Z,18,1,0,48,12.59,62187.6
ERCOT,2026-02-17T19:00:00Z,19,1,0,48,10.27,61600.9
ERCOT,2026-02-17T20:00:00Z,20,1,0,48,11.5,62033.9
ERCOT,2026-02-17T21:00:00Z,21,1,0,48,11.42,61054.4
ERCOT,2026-02-17T22:00:00Z,22,1,0,48,10.71,60488.1
ERCOT,2026-02-17T23:00:00Z,23,1,0,48,9.99,60662.7
ERCOT,2026-02-18T00:00:00Z,0,2,0,49,12.32,59851.0
ERCOT,2026-02-18T01:00:00Z,1,2,0,49,9.0,60151.4
ERCOT,2026-02-18T02:00:00Z,2,2,0,49,9.03,61372.1
ERCOT,2026-02-18T03:00:00Z,3,2,0,49,9.35,60747.8
ERCOT,2026-02-18T04:00:00Z,4,2,0,49,6.74,61294.5
ERCOT,2026-02-18T05:00:00Z,5,2,0,49,5.71,62017.7
ERCOT,2026-02-18T06:00:00Z,6,2,0,49,4.18,62550.1
ERCOT,2026-02-18T07:00:00Z,7,2,0,49,4.13,62648.4
ERCOT,2026-02-18T08:00:00Z,8,2,0,49,2.69,64403.6
ERCOT,2026-02-18T09:00:00Z,9,2,0,49,6.98,62183.5
ERCOT,2026-02-18T10:00:00Z,10,2,0,49,1.16,63891.7
ERCOT,2026-02-18T11:00:00Z,11,2,0,49,3.3,64679.9
ERCOT,2026-02-18T12:00:00Z,12,2,0,49,4.97,64081.5
ERCOT,2026-02-18T13:00:00Z,13,2,0,49,5.71,63531.8
ERCOT,2026-02-18T14:00:00Z,14,2,0,49,5.51,63944.3
ERCOT,2026-02-18T15:00:00Z,15,2,0,49,4.54,63443.8
ERCOT,2026-02-18T16:00:00Z,16,2,0,49,6.27,63953.7
ERCOT,2026-02-18T17:00:00Z,17,2,0,49,9.28,62967.6
ERCOT,2026-02-18T18:00:00Z,18,2,0,49,6.99,62029.2
ERCOT,2026-02-18T19:00:00Z,19,2,0,49,11.38,60025.3
ERCOT,2026-02-18T20:00:00Z,20,2,0,49,12.62,59940.2
ERCOT,2026-02-18T21:00:00Z,21,2,0,49,12.18,60224.3
ERCOT,2026-02-18T22:00:00Z,22,2,0,49,12.35,62147.6
ERCOT,2026-02-18T23:00:00Z,23,2,0,49,6.97,61711.2
ERCOT,2026-02-19T00:00:00Z,0,3,0,50,7.18,61423.2
ERCOT,2026-02-19T01:00:00Z,1,3,0,50,8.76,60826.4
ERCOT,2026-02-19T02:00:00Z,2,3,0,50,6.73,61629.2
ERCOT,2026-02-19T03:00:00Z,3,3,0,50,4.89,62374.9
ERCOT,2026-02-19T04:00:00Z,4,3,0,50,5.42,60974.1
ERCOT,2026-02-19T05:00:00Z,5,3,0,50,7.46,61497.9
ERCOT,2026-02-19T06:00:00Z,6,3,0,50,7.1,62577.9
ERCOT,2026-02-19T07:00:00Z,7,3,0,50,2.4,63218.0
ERCOT,2026-02-19T08:00:00Z,8,3,0,50,3.38,64226.1
ERCOT,2026-02-19T09:00:00Z,9,3,0,50,3.72,63735.0
ERCOT,2026-02-19T10:00:00Z,10,3,0,50,2.9,64082.7
ERCOT,2026-02-19T11:00:00Z,11,3,0,50,5.56,63766.7
ERCOT,2026-02-19T12:00:00Z,12,3,0,50,3.64,64043.9
ERCOT,2026-02-19T13:00:00Z,13,3,0,50,4.23,63540.7
ERCOT,2026-02-19T14:00:00Z,14,3,0,50,4.9,64988.6
ERCOT,2026-02-19T15:00:00Z,15,3,0,50,6.76,64057.4
ERCOT,2026-02-19T16:00:00Z,16,3,0,50,4.38,64335.9
ERCOT,2026-02-19T17:00:00Z,17,3,0,50,8.82,62543.0
ERCOT,2026-02-19T18:00:00Z,18,3,0,50,10.17,61947.7
ERCOT,2026-02-19T19:00:00Z,19,3,0,50,7.34,63022.6
ERCOT,2026-02-19T20:00:00Z,20,3,0,50,11.29,61136.4
ERCOT,2026-02-19T21:00:00Z,21,3,0,50,9.62,60543.8
ERCOT,2026-02-19T22:00:00Z,22,3,0,50,11.26,61584.8
ERCOT,2026-02-19T23:00:00Z,23,3,0,50,10.83,59793.1
ERCOT,2026-02-20T00:00:00Z,0,4,0,51,10.38,60528.4
ERCOT,2026-02-20T01:00:00Z,1,4,0,51,10.51,60775.6
ERCOT,2026-02-20T02:00:00Z,2,4,0,51,3.77,62224.4
ERCOT,2026-02-20T03:00:00Z,3,4,0,51,5.71,60803.5
ERCOT,2026-02-20T04:00:00Z,4,4,0,51,5.9,61939.0
ERCOT,2026-02-20T05:00:00Z,5,4,0,51,2.75,63030.5
ERCOT,2026-02-20T06:00:00Z,6,4,0,51,5.53,62349.8
ERCOT,2026-02-20T07:00:00Z,7,4,0,51,2.45,62789.3
ERCOT,2026-02-20T08:00:00Z,8,4,0,51,4.89,62297.1
ERCOT,2026-02-20T09:00:00Z,9,4,0,51,4.81,63380.5
ERCOT,2026-02-20T10:00:00Z,10,4,0,51,3.21,63177.0
ERCOT,2026-02-20T11:00:00Z,11,4,0,51,3.53,64621.3
ERCOT,2026-02-20T12:00:00Z,12,4,0,51,2.38,64979.5
ERCOT,2026-02-20T13:00:00Z,13,4,0,51,5.35,63785.9
ERCOT,2026-02-20T14:00:00Z,14,4,0,51,7.46,62463.8
ERCOT,2026-02-20T15:00:00Z,15,4,0,51,7.74,64418.3
ERCOT,2026-02-20T16:00:00Z,16,4,0,51,10.41,62984.8
ERCOT,2026-02-20T17:00:00Z,17,4,0,51,8.76,62544.7
ERCOT,2026-02-20T18:00:00Z,18,4,0,51,9.59,62719.5
ERCOT,2026-02-20T19:00:00Z,19,4,0,51,9.47,62537.7
ERCOT,2026-02-20T20:00:00Z,20,4,0,51,14.28,60691.5
ERCOT,2026-02-20T21:00:00Z,21,4,0,51,9.2,60777.7
ERCOT,2026-02-20T22:00:00Z,22,4,0,51,12.24,60522.4
ERCOT,2026-02-20T23:00:00Z,23,4,0,51,12.0,60078.0
ERCOT,2026-02-21T00:00:00Z,0,5,1,52,11.44,57009.3
ERCOT,2026-02-21T01:00:00Z,1,5,1,52,8.27,57486.6
ERCOT,2026-02-21T02:00:00Z,2,5,1,52,6.61,59166.9
ERCOT,2026-02-21T03:00:00Z,3,5,1,52,7.22,58379.0
ERCOT,2026-02-21T04:00:00Z,4,5,1,52,5.53,57987.8
ERCOT,2026-02-21T05:00:00Z,5,5,1,52,5.02,59522.8
ERCOT,2026-02-21T06:00:00Z,6,5,1,52,3.76,59007.4
ERCOT,2026-02-21T07:00:00Z,7,5,1,52,4.14,60003.2
ERCOT,2026-02-21T08:00:00Z,8,5,1,52,5.97,59857.7
ERCOT,2026-02-21T09:00:00Z,9,5,1,52,4.33,60744.2
ERCOT,2026-02-21T10:00:00Z,10,5,1,52,1.77,60673.9
ERCOT,2026-02-21T11:00:00Z,11,5,1,52,2.28,60598.9
ERCOT,2026-02-21T12:00:00Z,12,5,1,52,5.73,60899.7
ERCOT,2026-02-21T13:00:00Z,13,5,1,52,5.49,59455.5
ERCOT,2026-02-21T14:00:00Z,14,5,1,52,9.42,59525.3
ERCOT,2026-02-21T15:00:00Z,15,5,1,52,10.45,58906.3
ERCOT,2026-02-21T16:00:00Z,16,5,1,52,7.18,59040.5
ERCOT,2026-02-21T17:00:00Z,17,5,1,52,9.91,58808.0
ERCOT,2026-02-21T18:00:00Z,18,5,1,52,8.59,58658.1
ERCOT,2026-02-21T19:00:00Z,19,5,1,52,12.0,58727.9
ERCOT,2026-02-21T20:00:00Z,20,5,1,52,13.95,57192.8
ERCOT,2026-02-21T21:00:00Z,21,5,1,52,11.7,57030.7
ERCOT,2026-02-21T22:00:00Z,22,5,1,52,10.73,57375.1
ERCOT,2026-02-21T23:00:00Z,23,5,1,52,11.53,57805.4
ERCOT,2026-02-22T00:00:00Z,0,6,1,53,11.84,56616.5
ERCOT,2026-02-22T01:00:00Z,1,6,1,53,11.02,57148.3
ERCOT,2026-02-22T02:00:00Z,2,6,1,53,8.07,57431.7
ERCOT,2026-02-22T03:00:00Z,3,6,1,53,6.68,59172.4
ERCOT,2026-02-22T04:00:00Z,4,6,1,53,6.95,58420.4
ERCOT,2026-02-22T05:00:00Z,5,6,1,53,5.13,60308.4
ERCOT,2026-02-22T06:00:00Z,6,6,1,53,6.65,58523.7
ERCOT,2026-02-22T07:00:00Z,7,6,1,53,3.65,59789.1
ERCOT,2026-02-22T08:00:00Z,8,6,1,53,3.88,59808.1
ERCOT,2026-02-22T09:00:00Z,9,6,1,53,4.18,61251.5
ERCOT,2026-02-22T10:00:00Z,10,6,1,53,1.69,60672.9
ERCOT,2026-02-22T11:00:00Z,11,6,1,53,3.33,60929.7
ERCOT,2026-02-22T12:00:00Z,12,6,1,53,7.69,60930.7
ERCOT,2026-02-22T13:00:00Z,13,6,1,53,6.94,60487.3
ERCOT,2026-02-22T14:00:00Z,14,6,1,53,6.06,60028.2
ERCOT,2026-02-22T15:00:00Z,15,6,1,53,8.69,60429.1
ERCOT,2026-02-22T16:00:00Z,16,6,1,53,10.48,59480.3
ERCOT,2026-02-22T17:00:00Z,17,6,1,53,9.31,59710.2
ERCOT,2026-02-22T18:00:00Z,18,6,1,53,11.69,57992.5
ERCOT,2026-02-22T19:00:00Z,19,6,1,53,12.09,58375.6
ERCOT,2026-02-22T20:00:00Z,20,6,1,53,9.8,57407.3
ERCOT,2026-02-22T21:00:00Z,21,6,1,53,11.32,58690.0
ERCOT,2026-02-22T22:00:00Z,22,6,1,53,13.9,57229.3
ERCOT,2026-02-22T23:00:00Z,23,6,1,53,13.93,56764.8
ERCOT,2026-02-23T00:00:00Z,0,0,0,54,11.93,60179.1
ERCOT,2026-02-23T01:00:00Z,1,0,0,54,8.9,60634.0
ERCOT,2026-02-23T02:00:00Z,2,0,0,54,5.62,62436.9
ERCOT,2026-02-23T03:00:00Z,3,0,0,54,6.71,61135.1
ERCOT,2026-02-23T04:00:00Z,4,0,0,54,4.87,62037.5
ERCOT,2026-02-23T05:00:00Z,5,0,0,54,8.32,62780.9
ERCOT,2026-02-23T06:00:00Z,6,0,0,54,2.36,63038.9
ERCOT,2026-02-23T07:00:00Z,7,0,0,54,2.66,64036.3
ERCOT,2026-02-23T08:00:00Z,8,0,0,54,4.24,63132.0
ERCOT,2026-02-23T09:00:00Z,9,0,0,54,3.78,63645.9
ERCOT,2026-02-23T10:00:00Z,10,0,0,54,6.23,63962.8
ERCOT,2026-02-23T11:00:00Z,11,0,0,54,5.22,62657.4
ERCOT,2026-02-23T12:00:00Z,12,0,0,54,4.75,65541.9
ERCOT,2026-02-23T13:00:00Z,13,0,0,54,7.66,62825.6
ERCOT,2026-02-23T14:00:00Z,14,0,0,54,6.17,63509.5
ERCOT,2026-02-23T15:00:00Z,15,0,0,54,10.24,63321.5
ERCOT,2026-02-23T16:00:00Z,16,0,0,54,7.56,63627.5
ERCOT,2026-02-23T17:00:00Z,17,0,0,54,5.76,63168.3
ERCOT,2026-02-23T18:00:00Z,18,0,0,54,10.56,62883.3
ERCOT,2026-02-23T19:00:00Z,19,0,0,54,8.23,62395.5
ERCOT,2026-02-23T20:00:00Z,20,0,0,54,13.05,60407.8
ERCOT,2026-02-23T21:00:00Z,21,0,0,54,12.02,61144.1
ERCOT,2026-02-23T22:00:00Z,22,0,0,54,14.11,60229.0
ERCOT,2026-02-23T23:00:00Z,23,0,0,54,10.88,61297.5
ERCOT,2026-02-24T00:00:00Z,0,1,0,55,8.67,61091.0
ERCOT,2026-02-24T01:00:00Z,1,1,0,55,9.15,60943.7
ERCOT,2026-02-24T02:00:00Z,2,1,0,55,10.14,61106.8
ERCOT,2026-02-24T03:00:00Z,3,1,0,55,6.71,61719.3
ERCOT,2026-02-24T04:00:00Z,4,1,0,55,9.03,60844.4
ERCOT,2026-02-24T05:00:00Z,5,1,0,55,6.05,62090.1
ERCOT,2026-02-24T06:00:00Z,6,1,0,55,4.91,61842.6
ERCOT,2026-02-24T07:00:00Z,7,1,0,55,6.48,62292.9
ERCOT,2026-02-24T08:00:00Z,8,1,0,55,5.51,62929.2
ERCOT,2026-02-24T09:00:00Z,9,1,0,55,2.89,64839.0
ERCOT,2026-02-24T10:00:00Z,10,1,0,55,5.46,64014.3
ERCOT,2026-02-24T11:00:00Z,11,1,0,55,5.51,63968.3
ERCOT,2026-02-24T12:00:00Z,12,1,0,55,4.99,64045.9
ERCOT,2026-02-24T13:00:00Z,13,1,0,55,7.19,63632.3
ERCOT,2026-02-24T14:00:00Z,14,1,0,55,9.02,63436.0
ERCOT,2026-02-24T15:00:00Z,15,1,0,55,7.86,64195.3
ERCOT,2026-02-24T16:00:00Z,16,1,0,55,8.9,63216.6
ERCOT,2026-02-24T17:00:00Z,17,1,0,55,9.79,63439.0
ERCOT,2026-02-24T18:00:00Z,18,1,0,55,9.66,62612.5
ERCOT,2026-02-24T19:00:00Z,19,1,0,55,11.31,62469.6
ERCOT,2026-02-24T20:00:00Z,20,1,0,55,11.54,62599.7
ERCOT,2026-02-24T21:00:00Z,21,1,0,55,11.6,61137.3
ERCOT,2026-02-24T22:00:00Z,22,1,0,55,11.44,60286.5
ERCOT,2026-02-24T23:00:00Z,23,1,0,55,9.74,60853.9
ERCOT,2026-02-25T00:00:00Z,0,2,0,56,12.52,60412.8
ERCOT,2026-02-25T01:00:00Z,1,2,0,56,9.26,61735.3
ERCOT,2026-02-25T02:00:00Z,2,2,0,56,11.35,61291.6
ERCOT,2026-02-25T03:00:00Z,3,2,0,56,6.71,61437.3
ERCOT,2026-02-25T04:00:00Z,4,2,0,56,9.67,61358.6
ERCOT,2026-02-25T05:00:00Z,5,2,0,56,5.59,62758.7
ERCOT,2026-02-25T06:00:00Z,6,2,0,56,6.67,62103.0
ERCOT,2026-02-25T07:00:00Z,7,2,0,56,4.85,63652.6
ERCOT,2026-02-25T08:00:00Z,8,2,0,56,2.38,64030.3
ERCOT,2026-02-25T09:00:00Z,9,2,0,56,2.32,63823.3
ERCOT,2026-02-25T10:00:00Z,10,2,0,56,3.28,64706.9
ERCOT,2026-02-25T11:00:00Z,11,2,0,56,4.04,64158.9
ERCOT,2026-02-25T12:00:00Z,12,2,0,56,5.24,63790.2
ERCOT,2026-02-25T13:00:00Z,13,2,0,56,6.63,64823.9
ERCOT,2026-02-25T14:00:00Z,14,2,0,56,6.83,64045.6
ERCOT,2026-02-25T15:00:00Z,15,2,0,56,8.55,62576.9
ERCOT,2026-02-25T16:00:00Z,16,2,0,56,9.83,64948.3
ERCOT,2026-02-25T17:00:00Z,17,2,0,56,9.8,62943.6
ERCOT,2026-02-25T18:00:00Z,18,2,0,56,11.93,63153.8
ERCOT,2026-02-25T19:00:00Z,19,2,0,56,12.91,60521.2
ERCOT,2026-02-25T20:00:00Z,20,2,0,56,12.7,62831.9
ERCOT,2026-02-25T21:00:00Z,21,2,0,56,12.92,60407.0
ERCOT,2026-02-25T22:00:00Z,22,2,0,56,12.27,60187.9
ERCOT,2026-02-25T23:00:00Z,23,2,0,56,13.3,59902.1
ERCOT,2026-02-26T00:00:00Z,0,3,0,57,11.09,60338.8
ERCOT,2026-02-26T01:00:00Z,1,3,0,57,9.33,61927.7
ERCOT,2026-02-26T02:00:00Z,2,3,0,57,9.34,60800.6
ERCOT,2026-02-26T03:00:00Z,3,3,0,57,6.43,60805.8
ERCOT,2026-02-26T04:00:00Z,4,3,0,57,5.23,62328.3
ERCOT,2026-02-26T05:00:00Z,5,3,0,57,7.62,61672.9
ERCOT,2026-02-26T06:00:00Z,6,3,0,57,7.67,61866.0
ERCOT,2026-02-26T07:00:00Z,7,3,0,57,4.32,62729.4
ERCOT,2026-02-26T08:00:00Z,8,3,0,57,5.77,64496.5
ERCOT,2026-02-26T09:00:00Z,9,3,0,57,1.5,64416.7
ERCOT,2026-02-26T10:00:00Z,10,3,0,57,6.18,63074.6
ERCOT,2026-02-26T11:00:00Z,11,3,0,57,5.53,64923.3
ERCOT,2026-02-26T12:00:00Z,12,3,0,57,5.43,64744.1
ERCOT,2026-02-26T13:00:00Z,13,3,0,57,8.79,64862.9
ERCOT,2026-02-26T14:00:00Z,14,3,0,57,7.02,63887.7
ERCOT,2026-02-26T15:00:00Z,15,3,0,57,6.77,64685.9
ERCOT,2026-02-26T16:00:00Z,16,3,0,57,7.12,63762.4
ERCOT,2026-02-26T17:00:00Z,17,3,0,57,10.3,62687.3
ERCOT,2026-02-26T18:00:00Z,18,3,0,57,11.39,63841.6
ERCOT,2026-02-26T19:00:00Z,19,3,0,57,11.43,61858.4
ERCOT,2026-02-26T20:00:00Z,20,3,0,57,13.53,61429.2
ERCOT,2026-02-26T21:00:00Z,21,3,0,57,14.3,60892.3
ERCOT,2026-02-26T22:00:00Z,22,3,0,57,11.64,60115.4
ERCOT,2026-02-26T23:00:00Z,23,3,0,57,9.18,60388.8
ERCOT,2026-02-27T00:00:00Z,0,4,0,58,11.7,59988.0
ERCOT,2026-02-27T01:00:00Z,1,4,0,58,12.19,60559.6
ERCOT,2026-02-27T02:00:00Z,2,4,0,58,8.97,60786.0
ERCOT,2026-02-27T03:00:00Z,3,4,0,58,9.24,60836.8
ERCOT,2026-02-27T04:00:00Z,4,4,0,58,5.79,62859.9
ERCOT,2026-02-27T05:00:00Z,5,4,0,58,6.84,62085.6
ERCOT,2026-02-27T06:00:00Z,6,4,0,58,6.44,62599.5
ERCOT,2026-02-27T07:00:00Z,7,4,0,58,5.42,62696.3
ERCOT,2026-02-27T08:00:00Z,8,4,0,58,7.55,62695.2
ERCOT,2026-02-27T09:00:00Z,9,4,0,58,6.64,63435.6
ERCOT,2026-02-27T10:00:00Z,10,4,0,58,5.65,64452.6
ERCOT,2026-02-27T11:00:00Z,11,4,0,58,6.56,63625.0
ERCOT,2026-02-27T12:00:00Z,12,4,0,58,7.09,65155.2
ERCOT,2026-02-27T13:00:00Z,13,4,0,58,5.92,64504.1
ERCOT,2026-02-27T14:00:00Z,14,4,0,58,6.48,64169.6
ERCOT,2026-02-27T15:00:00Z,15,4,0,58,10.87,62755.2
ERCOT,2026-02-27T16:00:00Z,16,4,0,58,7.93,64672.8
ERCOT,2026-02-27T17:00:00Z,17,4,0,58,11.24,63985.3
ERCOT,2026-02-27T18:00:00Z,18,4,0,58,10.46,62768.9
ERCOT,2026-02-27T19:00:00Z,19,4,0,58,10.78,62381.9
ERCOT,2026-02-27T20:00:00Z,20,4,0,58,9.51,62622.0
ERCOT,2026-02-27T21:00:00Z,21,4,0,58,12.79,61165.6
ERCOT,2026-02-27T22:00:00Z,22,4,0,58,11.58,60678.5
ERCOT,2026-02-27T23:00:00Z,23,4,0,58,12.86,60007.0
ERCOT,2026-02-28T00:00:00Z,0,5,1,59,12.06,58559.9
ERCOT,2026-02-28T01:00:00Z,1,5,1,59,12.69,56364.8
ERCOT,2026-02-28T02:00:00Z,2,5,1,59,8.7,58304.0
ERCOT,2026-02-28T03:00:00Z,3,5,1,59,8.36,57463.6
ERCOT,2026-02-28T04:00:00Z,4,5,1,59,8.01,58473.9
ERCOT,2026-02-28T05:00:00Z,5,5,1,59,9.34,58286.3
ERCOT,2026-02-28T06:00:00Z,6,5,1,59,7.39,58449.4
ERCOT,2026-02-28T07:00:00Z,7,5,1,59,3.46,60733.5
ERCOT,2026-02-28T08:00:00Z,8,5,1,59,6.23,59538.4
ERCOT,2026-02-28T09:00:00Z,9,5,1,59,4.5,60010.6
ERCOT,2026-02-28T10:00:00Z,10,5,1,59,4.33,61560.7
ERCOT,2026-02-28T11:00:00Z,11,5,1,59,4.35,61197.8
ERCOT,2026-02-28T12:00:00Z,12,5,1,59,3.94,61236.3
ERCOT,2026-02-28T13:00:00Z,13,5,1,59,9.1,60585.0
ERCOT,2026-02-28T14:00:00Z,14,5,1,59,5.93,61070.5
ERCOT,2026-02-28T15:00:00Z,15,5,1,59,6.07,60567.2
ERCOT,2026-02-28T16:00:00Z,16,5,1,59,11.54,59674.1
ERCOT,2026-02-28T17:00:00Z,17,5,1,59,13.3,59074.2
ERCOT,2026-02-28T18:00:00Z,18,5,1,59,11.24,59640.6
ERCOT,2026-02-28T19:00:00Z,19,5,1,59,7.92,59805.2
ERCOT,2026-02-28T20:00:00Z,20,5,1,59,12.26,59218.8
ERCOT,2026-02-28T21:00:00Z,21,5,1,59,13.91,57087.6
ERCOT,2026-02-28T22:00:00Z,22,5,1,59,14.19,57213.1
ERCOT,2026-02-28T23:00:00Z,23,5,1,59,10.57,58023.5
ERCOT,2026-03-01T00:00:00Z,0,6,1,60,11.15,58524.5
ERCOT,2026-03-01T01:00:00Z,1,6,1,60,11.14,57707.1
ERCOT,2026-03-01T02:00:00Z,2,6,1,60,11.01,58222.5
ERCOT,2026-03-01T03:00:00Z,3,6,1,60,9.8,58755.8
ERCOT,2026-03-01T04:00:00Z,4,6,1,60,8.5,58521.4
ERCOT,2026-03-01T05:00:00Z,5,6,1,60,8.49,58621.9
ERCOT,2026-03-01T06:00:00Z,6,6,1,60,5.85,60491.2
ERCOT,2026-03-01T07:00:00Z,7,6,1,60,7.6,59481.2
ERCOT,2026-03-01T08:00:00Z,8,6,1,60,4.08,61400.6
ERCOT,2026-03-01T09:00:00Z,9,6,1,60,5.83,60711.5
ERCOT,2026-03-01T10:00:00Z,10,6,1,60,4.28,61352.8
ERCOT,2026-03-01T11:00:00Z,11,6,1,60,5.13,60856.6
ERCOT,2026-03-01T12:00:00Z,12,6,1,60,5.99,61347.0
ERCOT,2026-03-01T13:00:00Z,13,6,1,60,6.06,61769.7
ERCOT,2026-03-01T14:00:00Z,14,6,1,60,9.52,61044.6
ERCOT,2026-03-01T15:00:00Z,15,6,1,60,8.21,61128.2
ERCOT,2026-03-01T16:00:00Z,16,6,1,60,9.78,59519.5
ERCOT,2026-03-01T17:00:00Z,17,6,1,60,11.64,59632.5
ERCOT,2026-03-01T18:00:00Z,18,6,1,60,15.35,59245.4
ERCOT,2026-03-01T19:00:00Z,19,6,1,60,13.16,58736.4
ERCOT,2026-03-01T20:00:00Z,20,6,1,60,12.74,57802.8
ERCOT,2026-03-01T21:00:00Z,21,6,1,60,10.02,58147.0
ERCOT,2026-03-01T22:00:00Z,22,6,1,60,12.42,56648.6
ERCOT,2026-03-01T23:00:00Z,23,6,1,60,11.27,57683.7
ERCOT,2026-03-02T00:00:00Z,0,0,0,61,11.29,60640.2
ERCOT,2026-03-02T01:00:00Z,1,0,0,61,10.28,62088.9
ERCOT,2026-03-02T02:00:00Z,2,0,0,61,10.82,60713.6
ERCOT,2026-03-02T03:00:00Z,3,0,0,61,8.69,61562.3
ERCOT,2026-03-02T04:00:00Z,4,0,0,61,6.6,61782.2
ERCOT,2026-03-02T05:00:00Z,5,0,0,61,8.31,61838.2
ERCOT,2026-03-02T06:00:00Z,6,0,0,61,4.32,63214.4
ERCOT,2026-03-02T07:00:00Z,7,0,0,61,5.5,62218.7
ERCOT,2026-03-02T08:00:00Z,8,0,0,61,4.86,64258.7
ERCOT,2026-03-02T09:00:00Z,9,0,0,61,5.47,65201.2
ERCOT,2026-03-02T10:00:00Z,10,0,0,61,6.8,64769.9
ERCOT,2026-03-02T11:00:00Z,11,0,0,61,9.53,64029.4
ERCOT,2026-03-02T12:00:00Z,12,0,0,61,6.21,65047.0
ERCOT,2026-03-02T13:00:00Z,13,0,0,61,5.95,64714.1
ERCOT,2026-03-02T14:00:00Z,14,0,0,61,6.78,64690.7
ERCOT,2026-03-02T15:00:00Z,15,0,0,61,7.81,63780.3
ERCOT,2026-03-02T16:00:00Z,16,0,0,61,10.44,63334.4
ERCOT,2026-03-02T17:00:00Z,17,0,0,61,7.9,62931.4
ERCOT,2026-03-02T18:00:00Z,18,0,0,61,9.9,62514.4
ERCOT,2026-03-02T19:00:00Z,19,0,0,61,12.88,62139.4
ERCOT,2026-03-02T20:00:00Z,20,0,0,61,14.25,61793.0
ERCOT,2026-03-02T21:00:00Z,21,0,0,61,14.4,61355.6
ERCOT,2026-03-02T22:00:00Z,22,0,0,61,12.97,61648.0
ERCOT,2026-03-02T23:00:00Z,23,0,0,61,13.63,60865.3
ERCOT,2026-03-03T00:00:00Z,0,1,0,62,13.69,59243.2
ERCOT,2026-03-03T01:00:00Z,1,1,0,62,10.52,60975.5
ERCOT,2026-03-03T02:00:00Z,2,1,0,62,11.72,61743.9
ERCOT,2026-03-03T03:00:00Z,3,1,0,62,6.78,62829.8
ERCOT,2026-03-03T04:00:00Z,4,1,0,62,6.16,61730.4
ERCOT,2026-03-03T05:00:00Z,5,1,0,62,6.6,62324.6
ERCOT,2026-03-03T06:00:00Z,6,1,0,62,3.79,63768.4
ERCOT,2026-03-03T07:00:00Z,7,1,0,62,6.51,63717.9
ERCOT,2026-03-03T08:00:00Z,8,1,0,62,4.44,63908.9
ERCOT,2026-03-03T09:00:00Z,9,1,0,62,4.91,65081.9
ERCOT,2026-03-03T10:00:00Z,10,1,0,62,0.84,64814.6
ERCOT,2026-03-03T11:00:00Z,11,1,0,62,5.5,63957.3
ERCOT,2026-03-03T12:00:00Z,12,1,0,62,5.74,64600.9
ERCOT,2026-03-03T13:00:00Z,13,1,0,62,5.97,64742.6
ERCOT,2026-03-03T14:00:00Z,14,1,0,62,8.86,63940.6
ERCOT,2026-03-03T15:00:00Z,15,1,0,62,8.27,64021.2
ERCOT,2026-03-03T16:00:00Z,16,1,0,62,9.98,62611.6
ERCOT,2026-03-03T17:00:00Z,17,1,0,62,11.65,62715.2
ERCOT,2026-03-03T18:00:00Z,18,1,0,62,13.67,62550.0
ERCOT,2026-03-03T19:00:00Z,19,1,0,62,14.17,61233.3
ERCOT,2026-03-03T20:00:00Z,20,1,0,62,12.26,61189.5
ERCOT,2026-03-03T21:00:00Z,21,1,0,62,11.9,62315.8
ERCOT,2026-03-03T22:00:00Z,22,1,0,62,15.05,60009.9
ERCOT,2026-03-03T23:00:00Z,23,1,0,62,11.73,61091.0
ERCOT,2026-03-04T00:00:00Z,0,2,0,63,12.82,59809.5
ERCOT,2026-03-04T01:00:00Z,1,2,0,63,8.71,61863.9
ERCOT,2026-03-04T02:00:00Z,2,2,0,63,7.23,61675.3
ERCOT,2026-03-04T03:00:00Z,3,2,0,63,9.36,61768.1
ERCOT,2026-03-04T04:00:00Z,4,2,0,63,7.87,61835.0
ERCOT,2026-03-04T05:00:00Z,5,2,0,63,8.38,62318.3
ERCOT,2026-03-04T06:00:00Z,6,2,0,63,5.32,63148.8
ERCOT,2026-03-04T07:00:00Z,7,2,0,63,6.23,64198.8
ERCOT,2026-03-04T08:00:00Z,8,2,0,63,6.43,64214.0
ERCOT,2026-03-04T09:00:00Z,9,2,0,63,4.2,64074.5
ERCOT,2026-03-04T10:00:00Z,10,2,0,63,4.9,64422.2
ERCOT,2026-03-04T11:00:00Z,11,2,0,63,4.14,65603.0
ERCOT,2026-03-04T12:00:00Z,12,2,0,63,7.61,64143.3
ERCOT,2026-03-04T13:00:00Z,13,2,0,63,8.08,64418.8
ERCOT,2026-03-04T14:00:00Z,14,2,0,63,9.16,63318.8
ERCOT,2026-03-04T15:00:00Z,15,2,0,63,8.9,63996.8
ERCOT,2026-03-04T16:00:00Z,16,2,0,63,11.09,63032.8
ERCOT,2026-03-04T17:00:00Z,17,2,0,63,7.37,63363.5
ERCOT,2026-03-04T18:00:00Z,18,2,0,63,11.85,62714.3
ERCOT,2026-03-04T19:00:00Z,19,2,0,63,15.11,61958.2
ERCOT,2026-03-04T20:00:00Z,20,2,0,63,13.1,61723.4
ERCOT,2026-03-04T21:00:00Z,21,2,0,63,14.77,60723.3
ERCOT,2026-03-04T22:00:00Z,22,2,0,63,12.77,60597.3
ERCOT,2026-03-04T23:00:00Z,23,2,0,63,14.71,60747.1
ERCOT,2026-03-05T00:00:00Z,0,3,0,64,11.05,61157.2
ERCOT,2026-03-05T01:00:00Z,1,3,0,64,12.05,60775.5
ERCOT,2026-03-05T02:00:00Z,2,3,0,64,9.52,61110.3
ERCOT,2026-03-05T03:00:00Z,3,3,0,64,9.79,61300.1
ERCOT,2026-03-05T04:00:00Z,4,3,0,64,7.57,61420.2
ERCOT,2026-03-05T05:00:00Z,5,3,0,64,7.4,62330.8
ERCOT,2026-03-05T06:00:00Z,6,3,0,64,5.97,63145.9
ERCOT,2026-03-05T07:00:00Z,7,3,0,64,6.94,63535.2
ERCOT,2026-03-05T08:00:00Z,8,3,0,64,6.25,63506.6
ERCOT,2026-03-05T09:00:00Z,9,3,0,64,4.43,63790.2
ERCOT,2026-03-05T10:00:00Z,10,3,0,64,4.53,64645.9
ERCOT,2026-03-05T11:00:00Z,11,3,0,64,4.64,64902.3
ERCOT,2026-03-05T12:00:00Z,12,3,0,64,5.01,64023.9
ERCOT,2026-03-05T13:00:00Z,13,3,0,64,8.51,63992.6
ERCOT,2026-03-05T14:00:00Z,14,3,0,64,6.99,63986.3
ERCOT,2026-03-05T15:00:00Z,15,3,0,64,9.92,64613.2
ERCOT,2026-03-05T16:00:00Z,16,3,0,64,9.71,63614.6
ERCOT,2026-03-05T17:00:00Z,17,3,0,64,12.89,61800.0
ERCOT,2026-03-05T18:00:00Z,18,3,0,64,15.06,63370.2
ERCOT,2026-03-05T19:00:00Z,19,3,0,64,8.69,63048.8
ERCOT,2026-03-05T20:00:00Z,20,3,0,64,12.07,61875.7
ERCOT,2026-03-05T21:00:00Z,21,3,0,64,12.65,62012.8
ERCOT,2026-03-05T22:00:00Z,22,3,0,64,12.98,60702.2
ERCOT,2026-03-05T23:00:00Z,23,3,0,64,12.49,61355.4
ERCOT,2026-03-06T00:00:00Z,0,4,0,65,10.5,60485.9
ERCOT,2026-03-06T01:00:00Z,1,4,0,65,14.44,60084.7
ERCOT,2026-03-06T02:00:00Z,2,4,0,65,10.28,61134.4
ERCOT,2026-03-06T03:00:00Z,3,4,0,65,10.27,62417.1
ERCOT,2026-03-06T04:00:00Z,4,4,0,65,9.28,60992.9
ERCOT,2026-03-06T05:00:00Z,5,4,0,65,5.37,62707.4
ERCOT,2026-03-06T06:00:00Z,6,4,0,65,6.22,62085.9
ERCOT,2026-03-06T07:00:00Z,7,4,0,65,7.21,62542.3
ERCOT,2026-03-06T08:00:00Z,8,4,0,65,7.82,64344.0
ERCOT,2026-03-06T09:00:00Z,9,4,0,65,5.08,64514.6
ERCOT,2026-03-06T10:00:00Z,10,4,0,65,3.74,65203.0
ERCOT,2026-03-06T11:00:00Z,11,4,0,65,5.24,64170.5
ERCOT,2026-03-06T12:00:00Z,12,4,0,65,6.19,64472.2
ERCOT,2026-03-06T13:00:00Z,13,4,0,65,6.96,65167.5
ERCOT,2026-03-06T14:00:00Z,14,4,0,65,7.23,65539.1
ERCOT,2026-03-06T15:00:00Z,15,4,0,65,7.46,65336.4
ERCOT,2026-03-06T16:00:00Z,16,4,0,65,8.96,63949.1
ERCOT,2026-03-06T17:00:00Z,17,4,0,65,10.71,63136.1
ERCOT,2026-03-06T18:00:00Z,18,4,0,65,13.48,63249.5
ERCOT,2026-03-06T19:00:00Z,19,4,0,65,14.7,61607.8
ERCOT,2026-03-06T20:00:00Z,20,4,0,65,13.59,61307.1
ERCOT,2026-03-06T21:00:00Z,21,4,0,65,11.96,61139.0
ERCOT,2026-03-06T22:00:00Z,22,4,0,65,12.66,61461.8
ERCOT,2026-03-06T23:00:00Z,23,4,0,65,10.04,61634.9
ERCOT,2026-03-07T00:00:00Z,0,5,1,66,14.72,57829.5
ERCOT,2026-03-07T01:00:00Z,1,5,1,66,10.74,57232.5
ERCOT,2026-03-07T02:00:00Z,2,5,1,66,11.34,56593.6
ERCOT,2026-03-07T03:00:00Z,3,5,1,66,11.28,57851.2
ERCOT,2026-03-07T04:00:00Z,4,5,1,66,11.33,57177.3
ERCOT,2026-03-07T05:00:00Z,5,5,1,66,8.99,58823.9
ERCOT,2026-03-07T06:00:00Z,6,5,1,66,6.29,59012.4
ERCOT,2026-03-07T07:00:00Z,7,5,1,66,7.04,60297.6
ERCOT,2026-03-07T08:00:00Z,8,5,1,66,8.43,60512.9
ERCOT,2026-03-07T09:00:00Z,9,5,1,66,4.72,60547.2
ERCOT,2026-03-07T10:00:00Z,10,5,1,66,3.7,62427.4
ERCOT,2026-03-07T11:00:00Z,11,5,1,66,4.98,62387.1
ERCOT,2026-03-07T12:00:00Z,12,5,1,66,7.57,61353.1
ERCOT,2026-03-07T13:00:00Z,13,5,1,66,7.15,61714.6
ERCOT,2026-03-07T14:00:00Z,14,5,1,66,8.56,60839.8
ERCOT,2026-03-07T15:00:00Z,15,5,1,66,10.66,60413.8
ERCOT,2026-03-07T16:00:00Z,16,5,1,66,9.45,60919.6
ERCOT,2026-03-07T17:00:00Z,17,5,1,66,11.52,60165.5
ERCOT,2026-03-07T18:00:00Z,18,5,1,66,11.76,58885.9
ERCOT,2026-03-07T19:00:00Z,19,5,1,66,15.68,59213.5
ERCOT,2026-03-07T20:00:00Z,20,5,1,66,14.8,58005.2
ERCOT,2026-03-07T21:00:00Z,21,5,1,66,13.16,59013.7
ERCOT,2026-03-07T22:00:00Z,22,5,1,66,12.95,57661.1
ERCOT,2026-03-07T23:00:00Z,23,5,1,66,15.89,57097.5
ERCOT,2026-03-08T00:00:00Z,0,6,1,67,15.26,56370.2
ERCOT,2026-03-08T01:00:00Z,1,6,1,67,12.56,58786.0
ERCOT,2026-03-08T02:00:00Z,2,6,1,67,10.86,57875.1
ERCOT,2026-03-08T03:00:00Z,3,6,1,67,8.03,59325.8
ERCOT,2026-03-08T04:00:00Z,4,6,1,67,7.59,58943.6
ERCOT,2026-03-08T05:00:00Z,5,6,1,67,5.93,60456.1
ERCOT,2026-03-08T06:00:00Z,6,6,1,67,8.69,59268.3
ERCOT,2026-03-08T07:00:00Z,7,6,1,67,4.59,61358.1
ERCOT,2026-03-08T08:00:00Z,8,6,1,67,5.37,60070.6
ERCOT,2026-03-08T09:00:00Z,9,6,1,67,3.14,61139.8
ERCOT,2026-03-08T10:00:00Z,10,6,1,67,3.74,61313.2
ERCOT,2026-03-08T11:00:00Z,11,6,1,67,7.43,60874.2
ERCOT,2026-03-08T12:00:00Z,12,6,1,67,7.49,60839.9
ERCOT,2026-03-08T13:00:00Z,13,6,1,67,7.88,62295.2
ERCOT,2026-03-08T14:00:00Z,14,6,1,67,8.22,61374.4
ERCOT,2026-03-08T15:00:00Z,15,6,1,67,7.43,62085.6
ERCOT,2026-03-08T16:00:00Z,16,6,1,67,10.1,61071.7
ERCOT,2026-03-08T17:00:00Z,17,6,1,67,11.6,60262.7
ERCOT,2026-03-08T18:00:00Z,18,6,1,67,13.62,58941.0
ERCOT,2026-03-08T19:00:00Z,19,6,1,67,14.88,58167.8
ERCOT,2026-03-08T20:00:00Z,20,6,1,67,14.81,58049.0
ERCOT,2026-03-08T21:00:00Z,21,6,1,67,14.31,57795.1
ERCOT,2026-03-08T22:00:00Z,22,6,1,67,13.72,57294.8
ERCOT,2026-03-08T23:00:00Z,23,6,1,67,13.62,57694.4
ERCOT,2026-03-09T00:00:00Z,0,0,0,68,11.97,61179.2
ERCOT,2026-03-09T01:00:00Z,1,0,0,68,12.15,60742.9
ERCOT,2026-03-09T02:00:00Z,2,0,0,68,10.79,60827.8
ERCOT,2026-03-09T03:00:00Z,3,0,0,68,13.47,61461.9
ERCOT,2026-03-09T04:00:00Z,4,0,0,68,9.32,62604.4
ERCOT,2026-03-09T05:00:00Z,5,0,0,68,4.98,61747.1
ERCOT,2026-03-09T06:00:00Z,6,0,0,68,6.52,62348.6
ERCOT,2026-03-09T07:00:00Z,7,0,0,68,6.13,63631.9
ERCOT,2026-03-09T08:00:00Z,8,0,0,68,7.47,62936.2
ERCOT,2026-03-09T09:00:00Z,9,0,0,68,6.55,64097.8
ERCOT,2026-03-09T10:00:00Z,10,0,0,68,6.61,64083.4
ERCOT,2026-03-09T11:00:00Z,11,0,0,68,8.56,64121.2
ERCOT,2026-03-09T12:00:00Z,12,0,0,68,9.78,63643.2
ERCOT,2026-03-09T13:00:00Z,13,0,0,68,9.06,64290.5
ERCOT,2026-03-09T14:00:00Z,14,0,0,68,8.42,64812.1
ERCOT,2026-03-09T15:00:00Z,15,0,0,68,9.5,62675.8
ERCOT,2026-03-09T16:00:00Z,16,0,0,68,6.39,65355.3
ERCOT,2026-03-09T17:00:00Z,17,0,0,68,13.8,63826.0
ERCOT,2026-03-09T18:00:00Z,18,0,0,68,12.75,62014.4
ERCOT,2026-03-09T19:00:00Z,19,0,0,68,12.79,62398.6
ERCOT,2026-03-09T20:00:00Z,20,0,0,68,12.3,63067.6
ERCOT,2026-03-09T21:00:00Z,21,0,0,68,17.31,60996.8
ERCOT,2026-03-09T22:00:00Z,22,0,0,68,13.8,60502.0
ERCOT,2026-03-09T23:00:00Z,23,0,0,68,15.73,60591.6
ERCOT,2026-03-10T00:00:00Z,0,1,0,69,12.51,61397.6
ERCOT,2026-03-10T01:00:00Z,1,1,0,69,11.24,61406.5
ERCOT,2026-03-10T02:00:00Z,2,1,0,69,8.99,62418.6
ERCOT,2026-03-10T03:00:00Z,3,1,0,69,9.96,62331.5
ERCOT,2026-03-10T04:00:00Z,4,1,0,69,8.78,62047.6
ERCOT,2026-03-10T05:00:00Z,5,1,0,69,6.3,63324.9
ERCOT,2026-03-10T06:00:00Z,6,1,0,69,5.98,63002.8
ERCOT,2026-03-10T07:00:00Z,7,1,0,69,6.66,63513.3
ERCOT,2026-03-10T08:00:00Z,8,1,0,69,3.7,64308.3
ERCOT,2026-03-10T09:00:00Z,9,1,0,69,7.31,63757.6
ERCOT,2026-03-10T10:00:00Z,10,1,0,69,5.92,64653.7
ERCOT,2026-03-10T11:00:00Z,11,1,0,69,6.47,64115.7
ERCOT,2026-03-10T12:00:00Z,12,1,0,69,7.24,65228.4
ERCOT,2026-03-10T13:00:00Z,13,1,0,69,6.54,64715.7
ERCOT,2026-03-10T14:00:00Z,14,1,0,69,7.01,65336.2
ERCOT,2026-03-10T15:00:00Z,15,1,0,69,9.98,63610.3
ERCOT,2026-03-10T16:00:00Z,16,1,0,69,11.29,62958.6
ERCOT,2026-03-10T17:00:00Z,17,1,0,69,10.57,62738.2
ERCOT,2026-03-10T18:00:00Z,18,1,0,69,11.35,63824.4
ERCOT,2026-03-10T19:00:00Z,19,1,0,69,12.48,62758.5
ERCOT,2026-03-10T20:00:00Z,20,1,0,69,12.73,62528.6
ERCOT,2026-03-10T21:00:00Z,21,1,0,69,12.58,61839.3
ERCOT,2026-03-10T22:00:00Z,22,1,0,69,14.06,62479.8
ERCOT,2026-03-10T23:00:00Z,23,1,0,69,14.53,60532.2
ERCOT,2026-03-11T00:00:00Z,0,2,0,70,14.14,61991.8
ERCOT,2026-03-11T01:00:00Z,1,2,0,70,9.84,61211.2
ERCOT,2026-03-11T02:00:00Z,2,2,0,70,10.97,61197.8
ERCOT,2026-03-11T03:00:00Z,3,2,0,70,9.79,61056.6
ERCOT,2026-03-11T04:00:00Z,4,2,0,70,11.36,60814.8
ERCOT,2026-03-11T05:00:00Z,5,2,0,70,7.99,63152.6
ERCOT,2026-03-11T06:00:00Z,6,2,0,70,7.41,62457.0
ERCOT,2026-03-11T07:00:00Z,7,2,0,70,4.8,63770.0
ERCOT,2026-03-11T08:00:00Z,8,2,0,70,5.29,64239.3
ERCOT,2026-03-11T09:00:00Z,9,2,0,70,4.19,65142.1
ERCOT,2026-03-11T10:00:00Z,10,2,0,70,6.6,64560.9
ERCOT,2026-03-11T11:00:00Z,11,2,0,70,8.99,63928.9
ERCOT,2026-03-11T12:00:00Z,12,2,0,70,6.37,64612.3
ERCOT,2026-03-11T13:00:00Z,13,2,0,70,8.0,64592.6
ERCOT,2026-03-11T14:00:00Z,14,2,0,70,8.01,63528.3
ERCOT,2026-03-11T15:00:00Z,15,2,0,70,9.45,64434.8
ERCOT,2026-03-11T16:00:00Z,16,2,0,70,11.53,64270.2
ERCOT,2026-03-11T17:00:00Z,17,2,0,70,15.22,62976.9
ERCOT,2026-03-11T18:00:00Z,18,2,0,70,15.19,62695.7
ERCOT,2026-03-11T19:00:00Z,19,2,0,70,16.32,62718.2
ERCOT,2026-03-11T20:00:00Z,20,2,0,70,15.58,61913.9
ERCOT,2026-03-11T21:00:00Z,21,2,0,70,13.98,61528.5
ERCOT,2026-03-11T22:00:00Z,22,2,0,70,13.65,61674.5
ERCOT,2026-03-11T23:00:00Z,23,2,0,70,12.67,61203.3
ERCOT,2026-03-12T00:00:00Z,0,3,0,71,9.75,62769.2
ERCOT,2026-03-12T01:00:00Z,1,3,0,71,12.13,61462.6
ERCOT,2026-03-12T02:00:00Z,2,3,0,71,13.68,61035.6
ERCOT,2026-03-12T03:00:00Z,3,3,0,71,12.62,60507.0
ERCOT,2026-03-12T04:00:00Z,4,3,0,71,13.02,61869.8
ERCOT,2026-03-12T05:00:00Z,5,3,0,71,8.77,63228.5
ERCOT,2026-03-12T06:00:00Z,6,3,0,71,5.88,63215.1
ERCOT,2026-03-12T07:00:00Z,7,3,0,71,9.16,61950.4
ERCOT,2026-03-12T08:00:00Z,8,3,0,71,7.43,63986.8
ERCOT,2026-03-12T09:00:00Z,9,3,0,71,9.41,62714.4
ERCOT,2026-03-12T10:00:00Z,10,3,0,71,9.01,63658.2
ERCOT,2026-03-12T11:00:00Z,11,3,0,71,6.32,64123.1
ERCOT,2026-03-12T12:00:00Z,12,3,0,71,6.0,65257.4
ERCOT,2026-03-12T13:00:00Z,13,3,0,71,6.79,65355.8
ERCOT,2026-03-12T14:00:00Z,14,3,0,71,8.43,63920.9
ERCOT,2026-03-12T15:00:00Z,15,3,0,71,9.67,64413.6
ERCOT,2026-03-12T16:00:00Z,16,3,0,71,11.08,63768.2
ERCOT,2026-03-12T17:00:00Z,17,3,0,71,13.5,63572.6
ERCOT,2026-03-12T18:00:00Z,18,3,0,71,12.82,62260.7
ERCOT,2026-03-12T19:00:00Z,19,3,0,71,14.04,62500.7
ERCOT,2026-03-12T20:00:00Z,20,3,0,71,12.13,61833.9
ERCOT,2026-03-12T21:00:00Z,21,3,0,71,13.38,61608.9
ERCOT,2026-03-12T22:00:00Z,22,3,0,71,13.18,61863.8
ERCOT,2026-03-12T23:00:00Z,23,3,0,71,11.51,60734.0
ERCOT,2026-03-13T00:00:00Z,0,4,0,72,12.96,61058.4
ERCOT,2026-03-13T01:00:00Z,1,4,0,72,10.45,61286.1
ERCOT,2026-03-13T02:00:00Z,2,4,0,72,11.06,61268.0
ERCOT,2026-03-13T03:00:00Z,3,4,0,72,10.86,61253.1
ERCOT,2026-03-13T04:00:00Z,4,4,0,72,11.81,61844.3
ERCOT,2026-03-13T05:00:00Z,5,4,0,72,7.42,62832.6
ERCOT,2026-03-13T06:00:00Z,6,4,0,72,7.99,63615.8
ERCOT,2026-03-13T07:00:00Z,7,4,0,72,6.26,64074.5
ERCOT,2026-03-13T08:00:00Z,8,4,0,72,6.83,64686.2
ERCOT,2026-03-13T09:00:00Z,9,4,0,72,8.56,63917.8
ERCOT,2026-03-13T10:00:00Z,10,4,0,72,6.37,64862.8
ERCOT,2026-03-13T11:00:00Z,11,4,0,72,6.89,65631.9
ERCOT,2026-03-13T12:00:00Z,12,4,0,72,7.92,64428.0
ERCOT,2026-03-13T13:00:00Z,13,4,0,72,7.94,64066.6
ERCOT,2026-03-13T14:00:00Z,14,4,0,72,10.43,63735.2
ERCOT,2026-03-13T15:00:00Z,15,4,0,72,12.28,62981.3
ERCOT,2026-03-13T16:00:00Z,16,4,0,72,11.85,64249.0
ERCOT,2026-03-13T17:00:00Z,17,4,0,72,9.4,65027.9
ERCOT,2026-03-13T18:00:00Z,18,4,0,72,12.82,62951.1
ERCOT,2026-03-13T19:00:00Z,19,4,0,72,14.95,62478.3
ERCOT,2026-03-13T20:00:00Z,20,4,0,72,14.9,62300.4
ERCOT,2026-03-13T21:00:00Z,21,4,0,72,15.41,62283.6
ERCOT,2026-03-13T22:00:00Z,22,4,0,72,15.28,62132.4
ERCOT,2026-03-13T23:00:00Z,23,4,0,72,15.44,59783.1
ERCOT,2026-03-14T00:00:00Z,0,5,1,73,17.54,56565.8
ERCOT,2026-03-14T01:00:00Z,1,5,1,73,15.04,57359.5
ERCOT,2026-03-14T02:00:00Z,2,5,1,73,13.43,57321.8
ERCOT,2026-03-14T03:00:00Z,3,5,1,73,11.74,58019.9
ERCOT,2026-03-14T04:00:00Z,4,5,1,73,12.13,58482.3
ERCOT,2026-03-14T05:00:00Z,5,5,1,73,10.2,57713.7
ERCOT,2026-03-14T06:00:00Z,6,5,1,73,7.84,59941.3
ERCOT,2026-03-14T07:00:00Z,7,5,1,73,7.67,60607.8
ERCOT,2026-03-14T08:00:00Z,8,5,1,73,6.39,60725.8
ERCOT,2026-03-14T09:00:00Z,9,5,1,73,8.57,59290.9
ERCOT,2026-03-14T10:00:00Z,10,5,1,73,7.82,60818.0
ERCOT,2026-03-14T11:00:00Z,11,5,1,73,5.97,61832.9
ERCOT,2026-03-14T12:00:00Z,12,5,1,73,9.81,61542.1
ERCOT,2026-03-14T13:00:00Z,13,5,1,73,8.6,61806.9
ERCOT,2026-03-14T14:00:00Z,14,5,1,73,11.07,60733.9
ERCOT,2026-03-14T15:00:00Z,15,5,1,73,9.76,60632.7
ERCOT,2026-03-14T16:00:00Z,16,5,1,73,13.09,60057.2
ERCOT,2026-03-14T17:00:00Z,17,5,1,73,11.23,59324.7
ERCOT,2026-03-14T18:00:00Z,18,5,1,73,14.87,58856.5
ERCOT,2026-03-14T19:00:00Z,19,5,1,73,14.76,59538.9
ERCOT,2026-03-14T20:00:00Z,20,5,1,73,12.7,58947.9
ERCOT,2026-03-14T21:00:00Z,21,5,1,73,14.54,58450.2
ERCOT,2026-03-14T22:00:00Z,22,5,1,73,16.52,56782.7
ERCOT,2026-03-14T23:00:00Z,23,5,1,73,15.12,58151.5
ERCOT,2026-03-15T00:00:00Z,0,6,1,74,13.52,57725.9
ERCOT,2026-03-15T01:00:00Z,1,6,1,74,13.6,57886.5
ERCOT,2026-03-15T02:00:00Z,2,6,1,74,12.88,58163.7
ERCOT,2026-03-15T03:00:00Z,3,6,1,74,9.5,59231.0
ERCOT,2026-03-15T04:00:00Z,4,6,1,74,11.68,58476.0
ERCOT,2026-03-15T05:00:00Z,5,6,1,74,6.73,59639.4
ERCOT,2026-03-15T06:00:00Z,6,6,1,74,8.43,58990.2
ERCOT,2026-03-15T07:00:00Z,7,6,1,74,6.97,59493.3
ERCOT,2026-03-15T08:00:00Z,8,6,1,74,8.02,60465.7
ERCOT,2026-03-15T09:00:00Z,9,6,1,74,4.5,61667.1
ERCOT,2026-03-15T10:00:00Z,10,6,1,74,7.02,61495.5
ERCOT,2026-03-15T11:00:00Z,11,6,1,74,6.92,61031.8
ERCOT,2026-03-15T12:00:00Z,12,6,1,74,6.98,61330.6
ERCOT,2026-03-15T13:00:00Z,13,6,1,74,9.0,61352.5
ERCOT,2026-03-15T14:00:00Z,14,6,1,74,9.65,60895.2
ERCOT,2026-03-15T15:00:00Z,15,6,1,74,10.44,62245.2
ERCOT,2026-03-15T16:00:00Z,16,6,1,74,10.85,60301.0
ERCOT,2026-03-15T17:00:00Z,17,6,1,74,17.91,59047.4
ERCOT,2026-03-15T18:00:00Z,18,6,1,74,11.73,60347.3
ERCOT,2026-03-15T19:00:00Z,19,6,1,74,13.07,59763.0
ERCOT,2026-03-15T20:00:00Z,20,6,1,74,14.52,58365.2
ERCOT,2026-03-15T21:00:00Z,21,6,1,74,17.38,57962.1
ERCOT,2026-03-15T22:00:00Z,22,6,1,74,16.29,57837.6
ERCOT,2026-03-15T23:00:00Z,23,6,1,74,13.77,58251.8
ERCOT,2026-03-16T00:00:00Z,0,0,0,75,15.78,60709.8
ERCOT,2026-03-16T01:00:00Z,1,0,0,75,15.84,61002.9
ERCOT,2026-03-16T02:00:00Z,2,0,0,75,12.49,61410.3
ERCOT,2026-03-16T03:00:00Z,3,0,0,75,11.35,60923.5
ERCOT,2026-03-16T04:00:00Z,4,0,0,75,9.97,62204.8
ERCOT,2026-03-16T05:00:00Z,5,0,0,75,8.52,62827.2
ERCOT,2026-03-16T06:00:00Z,6,0,0,75,8.34,63397.1
ERCOT,2026-03-16T07:00:00Z,7,0,0,75,8.67,63317.4
ERCOT,2026-03-16T08:00:00Z,8,0,0,75,5.23,65305.6
ERCOT,2026-03-16T09:00:00Z,9,0,0,75,6.93,64227.7
ERCOT,2026-03-16T10:00:00Z,10,0,0,75,6.76,64331.9
ERCOT,2026-03-16T11:00:00Z,11,0,0,75,9.99,64890.9
ERCOT,2026-03-16T12:00:00Z,12,0,0,75,8.98,64461.2
ERCOT,2026-03-16T13:00:00Z,13,0,0,75,10.07,64408.3
ERCOT,2026-03-16T14:00:00Z,14,0,0,75,9.82,64608.5
ERCOT,2026-03-16T15:00:00Z,15,0,0,75,10.48,64329.0
ERCOT,2026-03-16T16:00:00Z,16,0,0,75,12.48,63912.5
ERCOT,2026-03-16T17:00:00Z,17,0,0,75,12.21,63792.4
ERCOT,2026-03-16T18:00:00Z,18,0,0,75,12.61,62707.3
ERCOT,2026-03-16T19:00:00Z,19,0,0,75,13.81,61842.3
ERCOT,2026-03-16T20:00:00Z,20,0,0,75,16.53,60964.0
ERCOT,2026-03-16T21:00:00Z,21,0,0,75,14.09,62397.4
ERCOT,2026-03-16T22:00:00Z,22,0,0,75,14.15,61299.0
ERCOT,2026-03-16T23:00:00Z,23,0,0,75,13.09,61855.6
